fecha,itcrm
1997-01-01,86.3480011442799
1997-01-02,86.3331019256848
1997-01-03,86.0561246415282
1997-01-04,86.06220422379025
1997-01-05,86.0682842355548
1997-01-06,85.94068614060727
1997-01-07,86.02457597043133
1997-01-08,85.85939012744062
1997-01-09,85.81074897923877
1997-01-10,85.69445264821302
1997-01-11,85.70050667953785
1997-01-12,85.70656113856012
1997-01-13,85.59443617139908
1997-01-14,85.51689261073497
1997-01-15,85.57790145214078
1997-01-16,85.53970345750642
1997-01-17,85.22271436336618
1997-01-18,85.22873506793222
1997-01-19,85.23475619784126
1997-01-20,85.02233476847893
1997-01-21,85.06093183796226
1997-01-22,84.7720006746724
1997-01-23,84.70700835619851
1997-01-24,84.9223555946705
1997-01-25,84.9283550798771
1997-01-26,84.9343549889276
1997-01-27,84.77533231253818
1997-01-28,84.46829443256574
1997-01-29,84.54793069156442
1997-01-30,84.61684151916047
1997-01-31,84.6180944257035
1997-02-01,84.62134254136451
1997-02-02,84.62459078170636
1997-02-03,84.53593773237351
1997-02-04,84.53990075469994
1997-02-05,84.44503740744321
1997-02-06,84.44019596373042
1997-02-07,84.09987293552508
1997-02-08,84.10310115894733
1997-02-09,84.10632950628684
1997-02-10,84.36588070780748
1997-02-11,84.16607110057431
1997-02-12,83.97742175708072
1997-02-13,83.83812549173086
1997-02-14,83.8325430643772
1997-02-15,83.83576102618403
1997-02-16,83.83897911151423
1997-02-17,83.64292539870316
1997-02-18,83.6921579492929
1997-02-19,83.64055243100303
1997-02-20,83.77602689896622
1997-02-21,83.8658817730938
1997-02-22,83.86910101462671
1997-02-23,83.8723203797321
1997-02-24,84.11721447795003
1997-02-25,84.00796201623282
1997-02-26,83.7907776716208
1997-02-27,83.78989424682268
1997-02-28,83.73302492923787
1997-03-01,83.75447627723295
1997-03-02,83.7759331207936
1997-03-03,83.67468873514923
1997-03-04,83.46948408408305
1997-03-05,83.42484241298732
1997-03-06,83.36760789681531
1997-03-07,83.37191451959788
1997-03-08,83.39333853612979
1997-03-09,83.4147680579747
1997-03-10,83.65200434932804
1997-03-11,83.6155296163822
1997-03-12,83.6611273248235
1997-03-13,83.66614722001823
1997-03-14,83.69795800987578
1997-03-15,83.71946580955174
1997-03-16,83.74097913607041
1997-03-17,83.73715060149513
1997-03-18,83.91247257600195
1997-03-19,83.92411551636971
1997-03-20,83.83070362782918
1997-03-21,83.90418498705323
1997-03-22,83.92574578071638
1997-03-23,83.94731211484005
1997-03-24,83.91101618612286
1997-03-25,83.89005911862246
1997-03-26,83.92940206472178
1997-03-27,84.23707506944112
1997-03-28,84.27484737373425
1997-03-29,84.29650341622482
1997-03-30,84.31816502365196
1997-03-31,84.41372983071935
1997-04-01,84.46888725108631
1997-04-02,84.49074676619307
1997-04-03,84.57241781253605
1997-04-04,84.45232570535161
1997-04-05,84.47270378441594
1997-04-06,84.49308678064628
1997-04-07,83.9875937783759
1997-04-08,83.97170491911946
1997-04-09,83.84505248622415
1997-04-10,83.87927831759397
1997-04-11,83.81056385474281
1997-04-12,83.83078707870253
1997-04-13,83.85101518246223
1997-04-14,83.88594546509675
1997-04-15,83.75176541551625
1997-04-16,83.82058854267692
1997-04-17,83.8772400570796
1997-04-18,84.01976354075757
1997-04-19,84.04003724393979
1997-04-20,84.06031583910249
1997-04-21,84.22767951695498
1997-04-22,84.0847805700578
1997-04-23,84.0755713555454
1997-04-24,84.04988549661647
1997-04-25,83.94589704202653
1997-04-26,83.96615292145627
1997-04-27,83.98641368856565
1997-04-28,83.95150073635877
1997-04-29,83.99495750709667
1997-04-30,83.89582097373872
1997-05-01,84.08610537147777
1997-05-02,83.95426209115885
1997-05-03,83.9641346717583
1997-05-04,83.97400841332139
1997-05-05,83.93947849583971
1997-05-06,84.11106244941399
1997-05-07,84.17703595926166
1997-05-08,84.3476229811505
1997-05-09,84.56766491829046
1997-05-10,84.57760963184302
1997-05-11,84.58755551484167
1997-05-12,84.53332778742137
1997-05-13,84.59413296096602
1997-05-14,84.59468767016807
1997-05-15,84.67277215291908
1997-05-16,84.78170648788178
1997-05-17,84.79167637159952
1997-05-18,84.80164742772328
1997-05-19,84.63206529305589
1997-05-20,84.84598799347563
1997-05-21,84.8333988422173
1997-05-22,84.79468903391916
1997-05-23,84.80063625556373
1997-05-24,84.8106083653228
1997-05-25,84.82058164774965
1997-05-26,84.78313666364127
1997-05-27,84.58100191845747
1997-05-28,84.64256333106441
1997-05-29,84.60774412378768
1997-05-30,84.54803350070787
1997-05-31,84.55797590570873
1997-06-01,84.56037200105992
1997-06-02,84.32392565697751
1997-06-03,84.33065809469399
1997-06-04,84.24292426120985
1997-06-05,84.24367473051511
1997-06-06,84.21684251648703
1997-06-07,84.21922894523824
1997-06-08,84.22161544161297
1997-06-09,84.54922644584157
1997-06-10,84.43838471726181
1997-06-11,84.51107212347128
1997-06-12,84.34602050897504
1997-06-13,84.13812035596624
1997-06-14,84.14050455398993
1997-06-15,84.14288881957397
1997-06-16,84.31623350257544
1997-06-17,84.25159955099362
1997-06-18,84.33284991725041
1997-06-19,84.36069260997758
1997-06-20,84.18500728413727
1997-06-21,84.18739281078254
1997-06-22,84.18977840502579
1997-06-23,84.34588369787707
1997-06-24,84.35511624544061
1997-06-25,84.38806598281408
1997-06-26,84.32482200557968
1997-06-27,84.2441053723509
1997-06-28,84.2464925736419
1997-06-29,84.24887984257836
1997-06-30,84.12860267567105
1997-07-01,84.15505195833049
1997-07-02,83.99219848911653
1997-07-03,84.07109504233185
1997-07-04,83.98825623982272
1997-07-05,83.98772771238292
1997-07-06,83.98719918826907
1997-07-07,84.14081143184926
1997-07-08,83.9310447104134
1997-07-09,83.83365988653792
1997-07-10,83.97946037517242
1997-07-11,83.76213622977183
1997-07-12,83.76160912527656
1997-07-13,83.7610820240983
1997-07-14,83.44242425822658
1997-07-15,83.25038289362602
1997-07-16,83.24651646096508
1997-07-17,83.32434200927466
1997-07-18,83.32589988316921
1997-07-19,83.32537552385394
1997-07-20,83.32485116783836
1997-07-21,83.26672218967967
1997-07-22,83.06897325659617
1997-07-23,82.85640896689482
1997-07-24,82.79930321431327
1997-07-25,82.67906235269422
1997-07-26,82.67854206384543
1997-07-27,82.67802177827078
1997-07-28,82.51523114818745
1997-07-29,82.6699414209648
1997-07-30,82.57372413564103
1997-07-31,82.55905968955453
1997-08-01,82.29628213630706
1997-08-02,82.29728592429377
1997-08-03,82.29828972452398
1997-08-04,82.18403982138275
1997-08-05,81.96023632918572
1997-08-06,81.9855600810992
1997-08-07,81.98633909594112
1997-08-08,82.28790194209519
1997-08-09,82.28890562786664
1997-08-10,82.28990932588027
1997-08-11,82.2960266852445
1997-08-12,82.15830022970995
1997-08-13,82.55421487719566
1997-08-14,82.32537892224404
1997-08-15,82.70590588015018
1997-08-16,82.70691466441843
1997-08-17,82.70792346099107
1997-08-18,82.61775489679809
1997-08-19,82.40231335293271
1997-08-20,82.14502711013037
1997-08-21,82.3249694290472
1997-08-22,82.58129946896456
1997-08-23,82.58230673337775
1997-08-24,82.58331401007682
1997-08-25,82.52373892251288
1997-08-26,82.78194251617191
1997-08-27,82.66300825320239
1997-08-28,82.87955563590378
1997-08-29,82.77847599018318
1997-08-30,82.77948565960693
1997-08-31,82.78049534134583
1997-09-01,82.63987079060001
1997-09-02,82.32901305739372
1997-09-03,82.49793962770734
1997-09-04,82.51540795865078
1997-09-05,82.64038976750975
1997-09-06,82.64654354153933
1997-09-07,82.65269777380651
1997-09-08,82.66383258341585
1997-09-09,82.73438280662378
1997-09-10,82.8277053430811
1997-09-11,82.9438834898639
1997-09-12,83.22415339103054
1997-09-13,83.23035063471742
1997-09-14,83.23654833987891
1997-09-15,83.35451610216546
1997-09-16,83.2625127105662
1997-09-17,83.26451542323153
1997-09-18,83.22169371967614
1997-09-19,83.22618386426744
1997-09-20,83.23238125915249
1997-09-21,83.23857911552336
1997-09-22,82.92216629294398
1997-09-23,82.91164948936353
1997-09-24,83.23887326604134
1997-09-25,83.31113675390064
1997-09-26,83.30314699271929
1997-09-27,83.30935011862405
1997-09-28,83.31555370644136
1997-09-29,83.39807904784287
1997-09-30,83.34041971438685
1997-10-01,83.1903437713268
1997-10-02,83.30950565850279
1997-10-03,83.35158860632549
1997-10-04,83.35985513581127
1997-10-05,83.36812248514357
1997-10-06,83.36873052178613
1997-10-07,83.48647527478767
1997-10-08,83.52155110299842
1997-10-09,83.69926420402277
1997-10-10,83.56268442557855
1997-10-11,83.57097189083585
1997-10-12,83.57926017801599
1997-10-13,83.58437873817023
1997-10-14,83.52579625201373
1997-10-15,83.59369733906715
1997-10-16,83.70928421675795
1997-10-17,83.38740468398213
1997-10-18,83.3956747655857
1997-10-19,83.40394566738809
1997-10-20,83.37604012691122
1997-10-21,83.24179531107423
1997-10-22,83.2666244197627
1997-10-23,83.32392174532487
1997-10-24,83.27742756409091
1997-10-25,83.28568673853462
1997-10-26,83.29394673209539
1997-10-27,83.4032376668143
1997-10-28,83.80739777906594
1997-10-29,83.742307292038
1997-10-30,83.79677663982204
1997-10-31,83.88971561885711
1997-11-01,83.89951593390693
1997-11-02,83.90931739386677
1997-11-03,83.78311374148514
1997-11-04,83.93781507145258
1997-11-05,83.9197419285291
1997-11-06,83.82604624614521
1997-11-07,83.98328004243972
1997-11-08,83.99309128804072
1997-11-09,84.00290367982865
1997-11-10,84.00956217161385
1997-11-11,84.02911690178733
1997-11-12,83.78367950444999
1997-11-13,83.74958219943429
1997-11-14,83.6107981042824
1997-11-15,83.62056583512928
1997-11-16,83.63033470707961
1997-11-17,83.70077212810803
1997-11-18,83.78267313808459
1997-11-19,83.60857956133938
1997-11-20,83.65750431192231
1997-11-21,83.42145706945105
1997-11-22,83.4312026807595
1997-11-23,83.44094943058722
1997-11-24,83.61062645303036
1997-11-25,83.48742190931515
1997-11-26,83.27635316036303
1997-11-27,83.22978578657062
1997-11-28,83.24799863599769
1997-11-29,83.25772398323339
1997-11-30,83.2674504666211
1997-12-01,82.97813083184464
1997-12-02,83.02849114916586
1997-12-03,83.11168677864042
1997-12-04,83.05755001118831
1997-12-05,82.8840395266377
1997-12-06,82.88736529261854
1997-12-07,82.89069119204753
1997-12-08,82.89401722493
1997-12-09,82.68291315361465
1997-12-10,82.83942460398254
1997-12-11,82.94175524960178
1997-12-12,82.93020360727365
1997-12-13,82.93353122561268
1997-12-14,82.93685897747416
1997-12-15,82.92944408251569
1997-12-16,82.72462374326145
1997-12-17,82.98252416034522
1997-12-18,82.99705212596025
1997-12-19,82.99883385339022
1997-12-20,83.00216422555422
1997-12-21,83.00549473135119
1997-12-22,82.84261164580134
1997-12-23,82.90528816135462
1997-12-24,82.91082690797754
1997-12-25,82.91415374881625
1997-12-26,82.9178688948853
1997-12-27,82.92119601828747
1997-12-28,82.92452327519226
1997-12-29,82.78346088638075
1997-12-30,82.67144578286037
1997-12-31,82.67476301840466
1998-01-01,82.66995300442265
1998-01-02,82.4510499120994
1998-01-03,82.4462529137358
1998-01-04,82.44145619446137
1998-01-05,82.15870817138273
1998-01-06,82.08645455556346
1998-01-07,82.07460178892461
1998-01-08,82.14344313591118
1998-01-09,82.12223819849534
1998-01-10,82.11746033038241
1998-01-11,82.11268274024567
1998-01-12,81.76039678476023
1998-01-13,81.7492914836556
1998-01-14,81.7265295300993
1998-01-15,81.64575662608019
1998-01-16,81.70773752390899
1998-01-17,81.70298377142662
1998-01-18,81.69823029551738
1998-01-19,81.60709896107105
1998-01-20,81.60235106373571
1998-01-21,81.59760344263283
1998-01-22,81.59285609774636
1998-01-23,81.5881090290602
1998-01-24,81.58336223655826
1998-01-25,81.5786157202245
1998-01-26,81.57386948004284
1998-01-27,82.15795081485938
1998-01-28,82.15317086898804
1998-01-29,82.14839120121378
1998-01-30,82.14361181152034
1998-01-31,82.13883269989158
1998-02-01,82.22920671975497
1998-02-02,81.80375745250068
1998-02-03,81.82030052597533
1998-02-04,82.0160402881051
1998-02-05,82.2557100827039
1998-02-06,82.17728460313563
1998-02-07,82.17845635565342
1998-02-08,82.17962812487906
1998-02-09,81.90864476639705
1998-02-10,81.94558030666771
1998-02-11,81.82133054498387
1998-02-12,81.94566912545747
1998-02-13,81.74477201810696
1998-02-14,81.74593760349825
1998-02-15,81.74710320550942
1998-02-16,81.80226923148119
1998-02-17,81.67664774763647
1998-02-18,81.77197074171943
1998-02-19,81.72210039754495
1998-02-20,81.72621862543488
1998-02-21,81.72738394627636
1998-02-22,81.72854928373393
1998-02-23,81.84058464652654
1998-02-24,81.80773444620426
1998-02-25,81.69008787965687
1998-02-26,81.68874889283859
1998-02-27,81.6830910761691
1998-02-28,81.68425578206185
1998-03-01,81.69342910439536
1998-03-02,80.60993113513548
1998-03-03,80.64204700010235
1998-03-04,80.5161157083041
1998-03-05,80.3882190261225
1998-03-06,80.34841824965181
1998-03-07,80.35746431913971
1998-03-08,80.36651140708416
1998-03-09,80.43488580356667
1998-03-10,81.48423489754518
1998-03-11,81.41188199311051
1998-03-12,81.5342420604882
1998-03-13,81.71084839873241
1998-03-14,81.72004785814472
1998-03-15,81.72924835328307
1998-03-16,81.65969211441825
1998-03-17,81.76667422478162
1998-03-18,81.60812070317102
1998-03-19,81.59476991674268
1998-03-20,81.53489387648095
1998-03-21,81.54407352595958
1998-03-22,81.55325420893398
1998-03-23,81.6335516599374
1998-03-24,81.60207726347414
1998-03-25,81.66377939923134
1998-03-26,81.73452549370684
1998-03-27,81.64793929016032
1998-03-28,81.65713166691711
1998-03-29,81.66632507860255
1998-03-30,81.43422066133698
1998-03-31,81.29259080475799
1998-04-01,81.28240352698147
1998-04-02,81.29835477902569
1998-04-03,81.29023746259286
1998-04-04,81.29807504982601
1998-04-05,81.30591339271908
1998-04-06,81.36414649694119
1998-04-07,81.40051297474278
1998-04-08,81.59334585679383
1998-04-09,81.60121266818177
1998-04-10,81.60908023804724
1998-04-11,81.61694856646339
1998-04-12,81.62481765350336
1998-04-13,81.67365890037773
1998-04-14,81.92068893318807
1998-04-15,81.99613780912537
1998-04-16,81.85570329009371
1998-04-17,81.85926555368054
1998-04-18,81.86715800367999
1998-04-19,81.87505121462897
1998-04-20,81.91940535143375
1998-04-21,82.08835462887865
1998-04-22,82.06549678231815
1998-04-23,81.98382291689734
1998-04-24,82.02000117976476
1998-04-25,82.02790912706787
1998-04-26,82.03581783681462
1998-04-27,82.10099472384009
1998-04-28,81.9443190450381
1998-04-29,81.97116599734801
1998-04-30,81.96318956356271
1998-05-01,81.97579484288606
1998-05-02,81.98848188288532
1998-05-03,82.001170886403
1998-05-04,82.15086525454363
1998-05-05,82.29958973998005
1998-05-06,82.37820231345785
1998-05-07,82.38649246310833
1998-05-08,82.33006034374306
1998-05-09,82.34280221188506
1998-05-10,82.35554605203099
1998-05-11,82.27893457755565
1998-05-12,82.25954706577552
1998-05-13,82.22578738552986
1998-05-14,82.2221801198684
1998-05-15,82.18382105138497
1998-05-16,82.19654028670274
1998-05-17,82.2092614905217
1998-05-18,82.07804156013661
1998-05-19,82.09370571550514
1998-05-20,82.2972913702762
1998-05-21,82.46825779100325
1998-05-22,82.48089249891993
1998-05-23,82.49365771070364
1998-05-24,82.5064248981041
1998-05-25,82.51919406142706
1998-05-26,82.31115938183883
1998-05-27,82.21367661856132
1998-05-28,82.0853404197862
1998-05-29,82.02800199198099
1998-05-30,82.0406971118554
1998-05-31,82.05339419649872
1998-06-01,82.02456044643156
1998-06-02,82.02215239819779
1998-06-03,82.13763236244395
1998-06-04,82.24376935686742
1998-06-05,82.1232634527073
1998-06-06,82.12109365274505
1998-06-07,82.11892391011165
1998-06-08,82.11675422480556
1998-06-09,81.99132383375678
1998-06-10,81.5147384171818
1998-06-11,81.39022280820151
1998-06-12,81.37346095203918
1998-06-13,81.37131096280253
1998-06-14,81.36916103037129
1998-06-15,81.36701115474396
1998-06-16,81.63517201834867
1998-06-17,81.86250073527793
1998-06-18,81.84699739276485
1998-06-19,82.00726762088418
1998-06-20,82.00510088567776
1998-06-21,82.00293420771922
1998-06-22,81.78059753524127
1998-06-23,81.6768080631042
1998-06-24,81.63428682788785
1998-06-25,81.6933648685019
1998-06-26,81.49956964468382
1998-06-27,81.4974163234968
1998-06-28,81.49526305920322
1998-06-29,81.47138797640007
1998-06-30,81.65090089881416
1998-07-01,81.3254123926472
1998-07-02,81.20601055900154
1998-07-03,81.26970158259587
1998-07-04,81.24812268891273
1998-07-05,81.24340809383517
1998-07-06,81.238693772332
1998-07-07,81.32039395272022
1998-07-08,81.21130708088171
1998-07-09,81.20659462210807
1998-07-10,81.15506773918493
1998-07-11,81.15035854381868
1998-07-12,81.14564962171352
1998-07-13,81.2660361558766
1998-07-14,81.31778539455262
1998-07-15,81.25142115365152
1998-07-16,81.39438406769696
1998-07-17,81.44835012917308
1998-07-18,81.44362391547253
1998-07-19,81.43889797602058
1998-07-20,81.55761575481199
1998-07-21,81.47310819934077
1998-07-22,81.41256348968014
1998-07-23,81.39140826109286
1998-07-24,81.56478075613015
1998-07-25,81.56004778629492
1998-07-26,81.55531509110033
1998-07-27,81.29967480810765
1998-07-28,81.3834353418324
1998-07-29,81.37590962807441
1998-07-30,81.33227708475297
1998-07-31,81.24800967013299
1998-08-01,81.24818178608683
1998-08-02,81.24835390240528
1998-08-03,81.15348557199464
1998-08-04,81.19171649537557
1998-08-05,81.3418042242366
1998-08-06,81.36326514253692
1998-08-07,81.27317836280028
1998-08-08,81.27335053207155
1998-08-09,81.27352270170752
1998-08-10,81.19711530542224
1998-08-11,80.99963227051174
1998-08-12,81.1016079645196
1998-08-13,80.99706150130585
1998-08-14,80.81595764624527
1998-08-15,80.81612884693922
1998-08-16,80.81630004799581
1998-08-17,80.8164712494151
1998-08-18,80.69803667453675
1998-08-19,80.67758295054021
1998-08-20,80.7348806393302
1998-08-21,80.66634432374057
1998-08-22,80.66651520749332
1998-08-23,80.6666860916081
1998-08-24,80.63320535945314
1998-08-25,80.57611822801314
1998-08-26,80.48036144103604
1998-08-27,80.52090113734508
1998-08-28,80.92323141569844
1998-08-29,80.92340284364137
1998-08-30,80.92357427194743
1998-08-31,81.03645581683038
1998-09-01,81.3051200930964
1998-09-02,81.25934828216188
1998-09-03,81.65041622602483
1998-09-04,81.55314411707296
1998-09-05,81.55504229853914
1998-09-06,81.55694052418623
1998-09-07,81.6800694182951
1998-09-08,81.64645386182217
1998-09-09,81.62604008630491
1998-09-10,82.11561222538934
1998-09-11,82.20993243882863
1998-09-12,82.21184590730101
1998-09-13,82.21375942031014
1998-09-14,81.99949028684392
1998-09-15,82.21363561442632
1998-09-16,82.00562454819436
1998-09-17,82.18279403240022
1998-09-18,82.06446436697644
1998-09-19,82.0663744496223
1998-09-20,82.0682845767261
1998-09-21,82.10171802020729
1998-09-22,82.02198138281715
1998-09-23,81.97013979107584
1998-09-24,82.14155488753777
1998-09-25,82.22026466797394
1998-09-26,82.222178376933
1998-09-27,82.22409213043439
1998-09-28,82.04891863494727
1998-09-29,82.12261301589554
1998-09-30,82.12936208445417
1998-10-01,82.43511407882434
1998-10-02,82.63249762897254
1998-10-03,82.64600490997714
1998-10-04,82.65951439891015
1998-10-05,82.70200872243801
1998-10-06,82.7326242400256
1998-10-07,83.27462679392669
1998-10-08,83.43555098426215
1998-10-09,83.13713086722714
1998-10-10,83.150720636637
1998-10-11,83.16431262745905
1998-10-12,83.17790684005632
1998-10-13,83.09379273411368
1998-10-14,83.03211063466473
1998-10-15,83.32972329827332
1998-10-16,83.43677700936946
1998-10-17,83.45041575956486
1998-10-18,83.4640567391789
1998-10-19,83.36564910826067
1998-10-20,83.1491480554726
1998-10-21,83.06689947691153
1998-10-22,83.18750508316272
1998-10-23,83.23755887218675
1998-10-24,83.2511650577685
1998-10-25,83.2647734674458
1998-10-26,83.1268464628674
1998-10-27,82.92013454433118
1998-10-28,82.97017786015411
1998-10-29,83.0736647856394
1998-10-30,83.02697699877099
1998-10-31,83.04054876219897
1998-11-01,83.04778699374262
1998-11-02,83.17750652995025
1998-11-03,83.03531920860723
1998-11-04,82.88699334309673
1998-11-05,83.03303688206441
1998-11-06,82.9427509137464
1998-11-07,82.9499806207381
1998-11-08,82.9572109579074
1998-11-09,82.62434971786693
1998-11-10,82.64511422821124
1998-11-11,82.75384177138116
1998-11-12,82.55840651093267
1998-11-13,82.61423379554562
1998-11-14,82.62143486733436
1998-11-15,82.62863656680472
1998-11-16,82.99910498312558
1998-11-17,82.94025690178708
1998-11-18,82.95196904228959
1998-11-19,82.82625479379416
1998-11-20,82.69518140589025
1998-11-21,82.70238953347949
1998-11-22,82.70959828936539
1998-11-23,82.30343457215118
1998-11-24,82.32130306415618
1998-11-25,82.31714615177565
1998-11-26,82.33772707826085
1998-11-27,82.24318440211023
1998-11-28,82.25035313136918
1998-11-29,82.2575224854906
1998-11-30,82.38345878661131
1998-12-01,82.5881790688904
1998-12-02,82.7149477933619
1998-12-03,82.74935522275263
1998-12-04,82.71382975180903
1998-12-05,82.72015554063857
1998-12-06,82.72648181325184
1998-12-07,82.73280856968586
1998-12-08,82.73913580997757
1998-12-09,82.77293627886137
1998-12-10,82.93492227629817
1998-12-11,83.04011834308363
1998-12-12,83.04646908581428
1998-12-13,83.05282031423708
1998-12-14,83.06996118988312
1998-12-15,82.93638624665913
1998-12-16,82.860935510128
1998-12-17,82.87613936676094
1998-12-18,82.91117571569119
1998-12-19,82.91751659714667
1998-12-20,82.92385796354017
1998-12-21,82.79237156279655
1998-12-22,82.74807988287581
1998-12-23,82.79590566225501
1998-12-24,82.70740383628052
1998-12-25,82.71372913366886
1998-12-26,82.72005491480333
1998-12-27,82.72638117972095
1998-12-28,82.66917676835402
1998-12-29,82.8022108290231
1998-12-30,82.78543154400278
1998-12-31,82.79176280879467
1999-01-01,82.7875112325368
1999-01-02,82.78325987460863
1999-01-03,82.77900873499892
1999-01-04,83.04898116341433
1999-01-05,82.979042127011
1999-01-06,82.67099314940894
1999-01-07,82.80960549294203
1999-01-08,82.56200248487731
1999-01-09,82.55776270742048
1999-01-10,82.55352314768746
1999-01-11,82.608535908316
1999-01-12,82.49547676569595
1999-01-13,82.78535311787331
1999-01-14,82.76746358345662
1999-01-15,77.76446032663739
1999-01-16,77.76046691567457
1999-01-17,77.756473709784
1999-01-18,77.7495616481897
1999-01-19,77.76977548963717
1999-01-20,75.4549163392543
1999-01-21,74.04679688358563
1999-01-22,74.03514263105966
1999-01-23,74.03134073043599
1999-01-24,74.02753902504998
1999-01-25,74.0237375148916
1999-01-26,74.01993619995083
1999-01-27,74.01613508021767
1999-01-28,71.32445454170033
1999-01-29,71.3207918420881
1999-01-30,71.3171293305652
1999-01-31,71.31346700712196
1999-02-01,70.68515798556771
1999-02-02,70.1791528089467
1999-02-03,71.8698775444142
1999-02-04,70.19761911795051
1999-02-05,70.1828382712703
1999-02-06,70.19886936252651
1999-02-07,70.214904115588
1999-02-08,71.23719571904738
1999-02-09,70.69605281299293
1999-02-10,70.71220113218342
1999-02-11,70.72835313995627
1999-02-12,70.78494470480838
1999-02-13,70.80111332859276
1999-02-14,70.81728564559747
1999-02-15,70.83346165666607
1999-02-16,70.83412792471437
1999-02-17,70.44413378290724
1999-02-18,70.68494730596322
1999-02-19,70.05358502117434
1999-02-20,70.06958658853699
1999-02-21,70.08559181096109
1999-02-22,70.26125841969065
1999-02-23,70.11482614030342
1999-02-24,70.1308416962991
1999-02-25,70.1468609105515
1999-02-26,68.52589810888827
1999-02-27,68.54155072358806
1999-02-28,68.55720691364189
1999-03-01,68.90877837490562
1999-03-02,68.83472029686388
1999-03-03,67.45125994462846
1999-03-04,67.97125727569853
1999-03-05,69.27212777456481
1999-03-06,69.29944034415219
1999-03-07,69.32676368252179
1999-03-08,69.64774734528491
1999-03-09,69.68872510527069
1999-03-10,69.88941458502869
1999-03-11,71.11171552674466
1999-03-12,71.19166591632623
1999-03-13,71.21973532016652
1999-03-14,71.24781579119318
1999-03-15,70.85980728159247
1999-03-16,71.11558182597155
1999-03-17,71.34468348126526
1999-03-18,71.33934322433089
1999-03-19,71.36747085428438
1999-03-20,71.39560957438154
1999-03-21,71.423759388995
1999-03-22,71.58408697910116
1999-03-23,71.52023152041151
1999-03-24,71.81644259912584
1999-03-25,72.09637985675651
1999-03-26,72.35650930674005
1999-03-27,72.38503798427645
1999-03-28,72.41357791008132
1999-03-29,72.48781255056176
1999-03-30,72.96652116318326
1999-03-31,73.35327253559967
1999-04-01,73.36754992672299
1999-04-02,73.38183009678016
1999-04-03,73.39611304631217
1999-04-04,73.41039877586
1999-04-05,73.21664936159067
1999-04-06,73.41719132499193
1999-04-07,73.37737476500922
1999-04-08,73.74714754953938
1999-04-09,73.54183315658418
1999-04-10,73.55614724891578
1999-04-11,73.57046412732477
1999-04-12,73.69598170079011
1999-04-13,74.25672590955587
1999-04-14,74.35592933177902
1999-04-15,74.22209360148358
1999-04-16,74.04121718567716
1999-04-17,74.05562847750456
1999-04-18,74.07004257432811
1999-04-19,74.04168084414988
1999-04-20,73.3935872823948
1999-04-21,73.07498380761032
1999-04-22,73.08920703295647
1999-04-23,73.83400464571561
1999-04-24,73.84837560594802
1999-04-25,73.86274936332653
1999-04-26,73.50684647062067
1999-04-27,73.75464399193662
1999-04-28,73.76899950550856
1999-04-29,73.78335781322005
1999-04-30,74.14431090666933
1999-05-01,74.15944634556311
1999-05-02,74.17461969201085
1999-05-03,74.02215357470173
1999-05-04,73.84922649972005
1999-05-05,74.23729822121082
1999-05-06,74.45560689652879
1999-05-07,74.53342886847452
1999-05-08,74.54867873337898
1999-05-09,74.56393171847236
1999-05-10,74.57571174827096
1999-05-11,74.74708278274798
1999-05-12,74.60577996149983
1999-05-13,74.62104462975377
1999-05-14,74.63622643917915
1999-05-15,74.65149733691533
1999-05-16,74.6667713591438
1999-05-17,74.58714667583635
1999-05-18,74.6974858065175
1999-05-19,74.71276923818762
1999-05-20,74.13962003738378
1999-05-21,74.15478932728232
1999-05-22,74.16996172088378
1999-05-23,74.1851372188232
1999-05-24,74.20031582173573
1999-05-25,74.21549753025673
1999-05-26,74.2306823450215
1999-05-27,74.2458702666657
1999-05-28,74.84606977980889
1999-05-29,74.86138361240855
1999-05-30,74.87670057828521
1999-05-31,74.8937656403456
1999-06-01,73.14662044589649
1999-06-02,72.86375018529398
1999-06-03,74.89675507793704
1999-06-04,74.8984019506644
1999-06-05,74.90013858443845
1999-06-06,74.90187525847902
1999-06-07,74.90259188251768
1999-06-08,74.90432861344173
1999-06-09,74.90606538463452
1999-06-10,73.12340011251418
1999-06-11,72.7837404140033
1999-06-12,72.78542801612183
1999-06-13,72.78711565736995
1999-06-14,72.78880333774865
1999-06-15,72.5394948332472
1999-06-16,72.54117677215912
1999-06-17,72.72370932842453
1999-06-18,72.82063163016409
1999-06-19,72.82232008766175
1999-06-20,72.8240085843089
1999-06-21,72.8256971201064
1999-06-22,72.47657706723115
1999-06-23,72.26657071121197
1999-06-24,72.43551921902264
1999-06-25,72.40496137231044
1999-06-26,72.40664019185871
1999-06-27,72.40831905033296
1999-06-28,72.45493092852125
1999-06-29,72.58228034830975
1999-06-30,72.46303966474548
1999-07-01,72.42404427032955
1999-07-02,72.26971910540352
1999-07-03,72.27922480416733
1999-07-04,72.28873175322393
1999-07-05,72.27483740050307
1999-07-06,72.24650214761034
1999-07-07,72.1011170845599
1999-07-08,72.11060060695385
1999-07-09,72.1200853767237
1999-07-10,72.12957139403355
1999-07-11,72.13905865904745
1999-07-12,71.76890351320115
1999-07-13,71.83423154925703
1999-07-14,71.8436799679653
1999-07-15,71.85312962943229
1999-07-16,71.8625805338214
1999-07-17,71.87203268129619
1999-07-18,71.8814860720201
1999-07-19,72.19899403065624
1999-07-20,72.46956496093729
1999-07-21,72.47425799774247
1999-07-22,72.48051423686198
1999-07-23,72.36345222519988
1999-07-24,72.37297025276213
1999-07-25,72.3824895322388
1999-07-26,72.72872553556793
1999-07-27,72.62790256876698
1999-07-28,73.21721390430265
1999-07-29,73.2144591219337
1999-07-30,73.2894325368528
1999-07-31,73.29907235940765
1999-08-01,73.31631462804472
1999-08-02,72.99310522076688
1999-08-03,72.97597053466293
1999-08-04,73.12467493012848
1999-08-05,72.90905155448684
1999-08-06,72.71591677199645
1999-08-07,72.73302186392755
1999-08-08,72.75013097951926
1999-08-09,72.6973112649303
1999-08-10,72.47645744757672
1999-08-11,72.46980608916044
1999-08-12,72.57586002665765
1999-08-13,72.2252380002582
1999-08-14,72.242227668966
1999-08-15,72.25922133418322
1999-08-16,72.2762189968499
1999-08-17,72.08730889521094
1999-08-18,72.08258057354732
1999-08-19,72.04175372293068
1999-08-20,71.9754749518881
1999-08-21,71.99240586839841
1999-08-22,72.00934076759773
1999-08-23,72.35320841661523
1999-08-24,72.41922345706536
1999-08-25,71.82112102001909
1999-08-26,71.79865063565218
1999-08-27,71.56090944293516
1999-08-28,71.5777428404777
1999-08-29,71.59458019776973
1999-08-30,71.61928875847842
1999-08-31,72.1768147272478
1999-09-01,72.18745148527547
1999-09-02,72.3928768605815
1999-09-03,72.3919264823944
1999-09-04,72.40259494162274
1999-09-05,72.4132649730709
1999-09-06,72.2783636594179
1999-09-07,72.26381910651223
1999-09-08,72.3108471154139
1999-09-09,72.69607586880183
1999-09-10,72.60130554983833
1999-09-11,72.61200486543635
1999-09-12,72.6227057578015
1999-09-13,72.52034789143607
1999-09-14,72.28998202623515
1999-09-15,72.44073198695018
1999-09-16,72.45718577193998
1999-09-17,72.42796436065129
1999-09-18,72.43863813081211
1999-09-19,72.44931347397545
1999-09-20,72.45406620513427
1999-09-21,72.69513243130885
1999-09-22,72.72637098351139
1999-09-23,72.73708873010779
1999-09-24,72.64340626962623
1999-09-25,72.65411178964278
1999-09-26,72.66481888734084
1999-09-27,72.67552756295292
1999-09-28,72.92559882481999
1999-09-29,73.07087449776274
1999-09-30,73.12065632376051
1999-10-01,73.32403176070734
1999-10-02,73.33447814875942
1999-10-03,73.34492602509603
1999-10-04,72.44861643642014
1999-10-05,72.40029874181086
1999-10-06,72.68195721117583
1999-10-07,72.49776837179563
1999-10-08,72.29322127509057
1999-10-09,72.30352080479233
1999-10-10,72.31382180185592
1999-10-11,72.32412426649036
1999-10-12,72.58206547202907
1999-10-13,72.58930019481012
1999-10-14,72.67707413856168
1999-10-15,72.68742835532677
1999-10-16,72.69778404724487
1999-10-17,72.70814121452614
1999-10-18,72.71849985738078
1999-10-19,72.85582006670906
1999-10-20,72.6635819108768
1999-10-21,72.36287838918199
1999-10-22,72.28883681220817
1999-10-23,72.29913571726071
1999-10-24,72.30943608958607
1999-10-25,72.26215776797912
1999-10-26,72.02907973751883
1999-10-27,71.95574799711427
1999-10-28,71.91566229800726
1999-10-29,71.92590803732828
1999-10-30,71.93615523634767
1999-10-31,71.94640389527336
1999-11-01,72.18300755809426
1999-11-02,72.26879692624239
1999-11-03,72.21460529913632
1999-11-04,72.25123170357263
1999-11-05,72.29176879331827
1999-11-06,72.308165560134
1999-11-07,72.32456604596183
1999-11-08,72.29866864552233
1999-11-09,72.40354449504837
1999-11-10,72.45150752019792
1999-11-11,72.42605514901105
1999-11-12,72.24387334284032
1999-11-13,72.26025924630956
1999-11-14,72.27664886632691
1999-11-15,72.29744453498161
1999-11-16,72.27993720426103
1999-11-17,72.53140859449532
1999-11-18,72.47741730553936
1999-11-19,72.37900292520364
1999-11-20,72.39541947791953
1999-11-21,72.41183975413522
1999-11-22,72.48195017671436
1999-11-23,72.44228402497865
1999-11-24,72.17166085872402
1999-11-25,72.25055016832673
1999-11-26,72.18428166239065
1999-11-27,72.20065404964767
1999-11-28,72.21703015038717
1999-11-29,72.14052651846666
1999-11-30,72.07389255716778
1999-12-01,72.11046405390712
1999-12-02,72.01293449555435
1999-12-03,72.01872178140238
1999-12-04,72.02936764386254
1999-12-05,72.04001508000225
1999-12-06,72.5258990358724
1999-12-07,72.53363998512262
1999-12-08,72.54436196318494
1999-12-09,72.46066373562643
1999-12-10,72.3873131633329
1999-12-11,72.39801351125269
1999-12-12,72.40871544090606
1999-12-13,72.32890813320972
1999-12-14,72.21822319102243
1999-12-15,72.22751760120723
1999-12-16,72.44652481279884
1999-12-17,72.28734837333722
1999-12-18,72.29803394438537
1999-12-19,72.3087210949828
1999-12-20,72.32733374421571
1999-12-21,73.57733322073238
1999-12-22,73.51532798818721
1999-12-23,73.72396985572577
1999-12-24,73.73486778925871
1999-12-25,73.7457673337325
1999-12-26,73.75666848938532
1999-12-27,73.76757125645528
1999-12-28,73.77847563518057
1999-12-29,73.78938162579949
1999-12-30,73.80028922855026
1999-12-31,73.81119844367117
2000-01-01,73.8000226586908
2000-01-02,73.78884856584081
2000-01-03,73.84751623711824
2000-01-04,74.03269101218491
2000-01-05,74.10681357566072
2000-01-06,74.01028315549416
2000-01-07,73.9869833068328
2000-01-08,73.97578090619145
2000-01-09,73.96458020171035
2000-01-10,73.95338119313269
2000-01-11,73.9421838802017
2000-01-12,73.90558860740587
2000-01-13,73.82000529253348
2000-01-14,73.61901772278422
2000-01-15,73.60787103596863
2000-01-16,73.59672603687764
2000-01-17,73.43011329289709
2000-01-18,73.4573410433487
2000-01-19,73.44621883606798
2000-01-20,73.48578942560616
2000-01-21,73.35501167632209
2000-01-22,73.34390496277437
2000-01-23,73.3327999308989
2000-01-24,73.19940215786238
2000-01-25,73.20466956939052
2000-01-26,73.13169708275645
2000-01-27,72.91128520378078
2000-01-28,72.60790933211302
2000-01-29,73.10856646661308
2000-01-30,73.0974970674395
2000-01-31,73.08642934428838
2000-02-01,73.05754773290687
2000-02-02,73.05736026897026
2000-02-03,73.47257653728835
2000-02-04,73.16951595194267
2000-02-05,73.17932737540696
2000-02-06,73.18914011450148
2000-02-07,73.16468523920064
2000-02-08,73.41065424885251
2000-02-09,73.17467373628232
2000-02-10,73.40728101601535
2000-02-11,73.32465657556453
2000-02-12,73.33448880209595
2000-02-13,73.3443223470472
2000-02-14,73.23794843323283
2000-02-15,73.37698172184182
2000-02-16,73.38632871365733
2000-02-17,73.44624018669106
2000-02-18,73.41273890075654
2000-02-19,73.4225829383951
2000-02-20,73.43242829603724
2000-02-21,73.42444691513643
2000-02-22,73.89236601174387
2000-02-23,73.83229020391171
2000-02-24,73.59825985584119
2000-02-25,73.21655151820421
2000-02-26,73.22636924874668
2000-02-27,73.23618829576516
2000-02-28,73.15099081020921
2000-02-29,73.07436578423999
2000-03-01,73.09655327904986
2000-03-02,73.11797216988444
2000-03-03,73.1257789980411
2000-03-04,73.14708100699082
2000-03-05,73.16838922135254
2000-03-06,73.11074203077281
2000-03-07,73.1206922656871
2000-03-08,73.09510129148617
2000-03-09,73.35878742742024
2000-03-10,73.33206638715771
2000-03-11,73.35342848894845
2000-03-12,73.37479681365656
2000-03-13,73.35302146750782
2000-03-14,73.86231157960908
2000-03-15,73.9873439792157
2000-03-16,74.02402411818926
2000-03-17,74.0339310407489
2000-03-18,74.05549760021975
2000-03-19,74.07707044216785
2000-03-20,74.09565273414667
2000-03-21,74.30292859461149
2000-03-22,74.09060700222726
2000-03-23,74.29856173259094
2000-03-24,74.41001329838446
2000-03-25,74.43168941303172
2000-03-26,74.45337184207035
2000-03-27,73.76441708143724
2000-03-28,73.70747730559624
2000-03-29,73.56139422919706
2000-03-30,73.63543289835155
2000-03-31,73.6615873583292
2000-04-01,73.66957502826776
2000-04-02,73.67756356436833
2000-04-03,73.62500402631578
2000-04-04,74.00491362144798
2000-04-05,73.86576185337944
2000-04-06,73.71840779138846
2000-04-07,73.65891693087204
2000-04-08,73.66690431123641
2000-04-09,73.67489255773141
2000-04-10,73.75667429892454
2000-04-11,73.75543113312202
2000-04-12,73.66828934752381
2000-04-13,73.62214843589881
2000-04-14,73.65067114618003
2000-04-15,73.65865763239306
2000-04-16,73.66664498463979
2000-04-17,73.66753271624793
2000-04-18,73.93831457626032
2000-04-19,73.84448131448055
2000-04-20,73.8524888169615
2000-04-21,73.86049718775509
2000-04-22,73.86850642695548
2000-04-23,73.87651653465682
2000-04-24,73.74436280813474
2000-04-25,73.46161498937688
2000-04-26,73.35685479858147
2000-04-27,73.11172897410536
2000-04-28,73.03429225113015
2000-04-29,73.04221189882738
2000-04-30,73.0501324053105
2000-05-01,73.06241782332486
2000-05-02,72.94083772782855
2000-05-03,72.75571817811002
2000-05-04,72.6860682362644
2000-05-05,72.75078975485101
2000-05-06,72.76302312998712
2000-05-07,72.77525856222069
2000-05-08,72.82079823950599
2000-05-09,72.83304338688617
2000-05-10,72.8452905933434
2000-05-11,72.8575398592239
2000-05-12,72.86979118487402
2000-05-13,72.88204457064008
2000-05-14,72.8943000168685
2000-05-15,72.90655752390578
2000-05-16,72.24157900292215
2000-05-17,71.94686744408222
2000-05-18,72.03900280796512
2000-05-19,72.16245280899442
2000-05-20,72.17458725260563
2000-05-21,72.18672373667854
2000-05-22,72.35097528339041
2000-05-23,72.31609174614391
2000-05-24,72.49333230238759
2000-05-25,72.50552238488577
2000-05-26,73.01473856550423
2000-05-27,73.0270163248295
2000-05-28,73.03929614871569
2000-05-29,72.89133576243421
2000-05-30,73.15827819677682
2000-05-31,73.0716874408355
2000-06-01,72.98798135936634
2000-06-02,73.29540607337395
2000-06-03,73.30803184378138
2000-06-04,73.32065978908747
2000-06-05,73.70727244869046
2000-06-06,73.92859939477073
2000-06-07,74.10405044836469
2000-06-08,73.99791005604047
2000-06-09,73.8815807706226
2000-06-10,73.8943075147137
2000-06-11,73.90703645109704
2000-06-12,74.01575448817135
2000-06-13,74.18343466917479
2000-06-14,74.1441055346067
2000-06-15,74.07316134735447
2000-06-16,74.2772891020779
2000-06-17,74.29008401036657
2000-06-18,74.30288112268933
2000-06-19,74.31568043942588
2000-06-20,74.18320048596895
2000-06-21,73.9800961237918
2000-06-22,73.93432034767186
2000-06-23,73.25179519413592
2000-06-24,73.26441345219055
2000-06-25,73.27703388384977
2000-06-26,73.27828117316886
2000-06-27,73.35589157577034
2000-06-28,73.40569696217428
2000-06-29,73.59518627527221
2000-06-30,73.66903146568777
2000-07-01,73.67349950543954
2000-07-02,73.67809799066688
2000-07-03,73.5999221151138
2000-07-04,73.58530214273136
2000-07-05,73.61903087133423
2000-07-06,73.63432080307561
2000-07-07,73.55827377984666
2000-07-08,73.56286507301985
2000-07-09,73.56745665276821
2000-07-10,73.62836325780687
2000-07-11,73.62957332993875
2000-07-12,73.48983139372855
2000-07-13,73.49441841492738
2000-07-14,73.4990057224347
2000-07-15,73.50359331626841
2000-07-16,73.50818119644634
2000-07-17,73.25778766240961
2000-07-18,73.58485480289247
2000-07-19,73.45092009780568
2000-07-20,73.65146498112746
2000-07-21,73.76825161942891
2000-07-22,73.77285601880718
2000-07-23,73.77746070557865
2000-07-24,73.65172999729708
2000-07-25,73.65632712373514
2000-07-26,73.66092453711244
2000-07-27,73.63587908987029
2000-07-28,73.45053874316737
2000-07-29,73.45512331183343
2000-07-30,73.45970816665488
2000-07-31,73.49583726433964
2000-08-01,73.4536532120418
2000-08-02,73.32938180275406
2000-08-03,73.15091016936185
2000-08-04,73.19391871565995
2000-08-05,73.21063079796593
2000-08-06,73.2273466960766
2000-08-07,73.27621041860318
2000-08-08,73.29294129025311
2000-08-09,73.13843338378446
2000-08-10,73.29053188127502
2000-08-11,73.33539950971277
2000-08-12,73.35214389577729
2000-08-13,73.36889210502223
2000-08-14,73.30733114610013
2000-08-15,73.49502414346082
2000-08-16,73.56272794669584
2000-08-17,73.57657127125589
2000-08-18,73.41519776139437
2000-08-19,73.4319603674828
2000-08-20,73.4487268009118
2000-08-21,73.46549706255522
2000-08-22,73.2548748043489
2000-08-23,72.9322029871329
2000-08-24,73.07796809355862
2000-08-25,73.0687451403498
2000-08-26,73.08542864226102
2000-08-27,73.10211595345123
2000-08-28,73.11880707479018
2000-08-29,72.95461171266321
2000-08-30,72.89812339663486
2000-08-31,72.81099957099826
2000-09-01,73.1049709193426
2000-09-02,73.11841833955182
2000-09-03,73.13186823336999
2000-09-04,73.13383822166554
2000-09-05,72.73004947472491
2000-09-06,72.33523980118639
2000-09-07,72.43288941581018
2000-09-08,72.22518550056809
2000-09-09,72.23847108712809
2000-09-10,72.25175911752827
2000-09-11,72.13409773631628
2000-09-12,72.29341246480942
2000-09-13,72.2519918496704
2000-09-14,72.24579618247864
2000-09-15,72.13328965509153
2000-09-16,72.14655833771143
2000-09-17,72.15982946106206
2000-09-18,71.72355807024762
2000-09-19,71.64803692877548
2000-09-20,71.67163732449083
2000-09-21,71.919647793631
2000-09-22,72.42334184358572
2000-09-23,72.43666388035666
2000-09-24,72.44998836767267
2000-09-25,72.44559058141822
2000-09-26,72.61870817511735
2000-09-27,72.57395882814427
2000-09-28,72.71461733327871
2000-09-29,72.73866557968518
2000-09-30,72.75204561922568
2000-10-01,72.75125187969441
2000-10-02,72.57430464613451
2000-10-03,72.46572854360474
2000-10-04,72.40724831815302
2000-10-05,72.27944236380091
2000-10-06,72.30802280023379
2000-10-07,72.30725238211436
2000-10-08,72.30648197220347
2000-10-09,72.3018151955218
2000-10-10,72.17412044075049
2000-10-11,72.22763192516072
2000-10-12,72.10450884781395
2000-10-13,72.01720823825845
2000-10-14,72.01644091867219
2000-10-15,72.01567360726148
2000-10-16,72.0149063040262
2000-10-17,71.72120239371657
2000-10-18,71.7896158112854
2000-10-19,71.52350101164207
2000-10-20,71.55482094233375
2000-10-21,71.55405854933154
2000-10-22,71.55329616445239
2000-10-23,70.9397314595353
2000-10-24,70.96605399233869
2000-10-25,70.64617311622649
2000-10-26,70.77948005079034
2000-10-27,70.77872591878943
2000-10-28,70.77797179482357
2000-10-29,70.77721767889264
2000-10-30,70.77646357099655
2000-10-31,70.79774653678626
2000-11-01,71.0613940629386
2000-11-02,71.11272004103573
2000-11-03,71.2687278110637
2000-11-04,71.28652953382864
2000-11-05,71.30433570316282
2000-11-06,71.32214632017693
2000-11-07,70.90156095038151
2000-11-08,70.8026211171606
2000-11-09,70.82983175713854
2000-11-10,70.93590652691613
2000-11-11,70.95362511655361
2000-11-12,70.97134813199513
2000-11-13,70.87842074675706
2000-11-14,70.82559773884347
2000-11-15,70.82201491241356
2000-11-16,70.71084147247191
2000-11-17,70.7192842031196
2000-11-18,70.73694868416459
2000-11-19,70.75461757749817
2000-11-20,70.95459906460758
2000-11-21,70.89407391411413
2000-11-22,70.8315328818909
2000-11-23,70.86111845926116
2000-11-24,70.87881836810433
2000-11-25,70.89652269808538
2000-11-26,70.91423145030858
2000-11-27,70.98879699309838
2000-11-28,71.06010478731129
2000-11-29,71.09707029516316
2000-11-30,71.40388184947469
2000-12-01,71.48809752203965
2000-12-02,71.49921699814968
2000-12-03,71.51033820381684
2000-12-04,71.54989809939536
2000-12-05,71.44679062037842
2000-12-06,71.56876667708383
2000-12-07,71.59191908124242
2000-12-08,71.60305470607354
2000-12-09,71.61419206297356
2000-12-10,71.62533115221198
2000-12-11,71.64757054677627
2000-12-12,71.62760041369056
2000-12-13,71.57909296763238
2000-12-14,71.59022659745075
2000-12-15,71.60136195902777
2000-12-16,71.6124990526328
2000-12-17,71.62363787853523
2000-12-18,71.63477843700451
2000-12-19,72.09580371420539
2000-12-20,72.43889746303324
2000-12-21,72.58403966734754
2000-12-22,72.82577536677269
2000-12-23,72.83710290936304
2000-12-24,72.84843221387382
2000-12-25,72.85976328057909
2000-12-26,72.98008421616014
2000-12-27,72.93124418986191
2000-12-28,72.81205640956836
2000-12-29,72.82338181827038
2000-12-30,72.83470898856093
2000-12-31,72.846037920714
2001-01-01,72.85130320260829
2001-01-02,72.84915370037068
2001-01-03,72.85441920747226
2001-01-04,73.48586739644244
2001-01-05,73.69509728049432
2001-01-06,73.70042393205269
2001-01-07,73.70575096861924
2001-01-08,73.56280657333258
2001-01-09,73.25180427244379
2001-01-10,73.24458347416389
2001-01-11,73.45933913851631
2001-01-12,73.38551458817768
2001-01-13,73.39081886322538
2001-01-14,73.39612352166391
2001-01-15,73.48281346976928
2001-01-16,73.48812477754043
2001-01-17,73.49581265240441
2001-01-18,73.50112489975118
2001-01-19,73.50643753106502
2001-01-20,73.51175054637369
2001-01-21,73.51706394570492
2001-01-22,73.52237772908649
2001-01-23,73.52769189654616
2001-01-24,73.53438963025393
2001-01-25,73.5397046659289
2001-01-26,73.54215396590051
2001-01-27,73.54746956277852
2001-01-28,73.55278554386571
2001-01-29,72.63211851652473
2001-01-30,72.81582307429471
2001-01-31,72.89391374014532
2001-02-01,73.13206495832313
2001-02-02,73.14625137705039
2001-02-03,73.16044054770978
2001-02-04,73.17463247083508
2001-02-05,72.96924533808557
2001-02-06,72.80610594189548
2001-02-07,72.85067166631481
2001-02-08,72.53258119217321
2001-02-09,72.68078796463028
2001-02-10,72.69488684303721
2001-02-11,72.70898845639485
2001-02-12,72.78391391363958
2001-02-13,72.57616505618113
2001-02-14,72.5902436394632
2001-02-15,72.39412244419567
2001-02-16,72.61539444373122
2001-02-17,72.62948063686979
2001-02-18,72.64356956249834
2001-02-19,72.6576612211469
2001-02-20,72.67175561334567
2001-02-21,72.6858527396249
2001-02-22,72.69995260051495
2001-02-23,72.50498127664265
2001-02-24,72.51904605144136
2001-02-25,72.53311355457525
2001-02-26,72.75835382682885
2001-02-27,72.84708262998204
2001-02-28,73.05019587610111
2001-03-01,73.21976473400194
2001-03-02,73.26306413607934
2001-03-03,73.26651403686299
2001-03-04,73.27000850499061
2001-03-05,73.1999057563949
2001-03-06,73.2660169507201
2001-03-07,73.1162575458747
2001-03-08,73.15153449970902
2001-03-09,73.23807726854817
2001-03-10,73.24157038037569
2001-03-11,73.24506365880823
2001-03-12,73.17452897436725
2001-03-13,72.88122575996213
2001-03-14,72.80945785689798
2001-03-15,72.6250710782716
2001-03-16,72.41478037043119
2001-03-17,72.41823421486887
2001-03-18,72.42168822403869
2001-03-19,72.50327451642873
2001-03-20,72.63064734465537
2001-03-21,72.63411148493245
2001-03-22,72.24185089512714
2001-03-23,72.38571580120919
2001-03-24,72.38916825940359
2001-03-25,72.39262088226403
2001-03-26,70.12422860370677
2001-03-27,70.01189535031351
2001-03-28,69.97527323363312
2001-03-29,69.97861072505403
2001-03-30,69.7357573743013
2001-03-31,69.73908344194223
2001-04-01,69.7351837166687
2001-04-02,69.73128420946311
2001-04-03,70.2461451328087
2001-04-04,70.43569781907055
2001-04-05,70.33368199738051
2001-04-06,70.49264789852752
2001-04-07,70.48870603484018
2001-04-08,70.48476439157709
2001-04-09,70.43373692011808
2001-04-10,70.22488886783454
2001-04-11,70.18730877812752
2001-04-12,70.18338398863482
2001-04-13,70.17945941861161
2001-04-14,70.17553506804563
2001-04-15,70.17161093692458
2001-04-16,70.03961941479864
2001-04-17,69.95376804240155
2001-04-18,70.06863886321423
2001-04-19,70.18402188552844
2001-04-20,70.41951013593501
2001-04-21,70.415572362023
2001-04-22,70.41163480830654
2001-04-23,69.41959074608548
2001-04-24,70.11299559311455
2001-04-25,69.40923775703205
2001-04-26,69.44631855568973
2001-04-27,69.44243520147488
2001-04-28,69.43855206441249
2001-04-29,69.43466914449044
2001-04-30,69.5153771228098
2001-05-01,69.52359118751062
2001-05-02,69.72610253682043
2001-05-03,69.67825377809417
2001-05-04,69.74189563266377
2001-05-05,69.75012437245658
2001-05-06,69.75835408314582
2001-05-07,69.59707802654108
2001-05-08,69.47443326276954
2001-05-09,69.47096034639586
2001-05-10,69.41309485724993
2001-05-11,69.31816832039411
2001-05-12,69.32634706524823
2001-05-13,69.33452677509997
2001-05-14,69.34270745006317
2001-05-15,69.35088909025173
2001-05-16,69.51623921948642
2001-05-17,69.48325109417205
2001-05-18,69.42541436641832
2001-05-19,69.43360576506967
2001-05-20,69.44179813021165
2001-05-21,69.4211225356878
2001-05-22,69.1432017086208
2001-05-23,69.1513598094315
2001-05-24,69.11307857554213
2001-05-25,69.12123312217034
2001-05-26,69.12938863094107
2001-05-27,69.13754510196782
2001-05-28,69.13982176294863
2001-05-29,69.10270007557169
2001-05-30,69.12621672868144
2001-05-31,69.13437282546029
2001-06-01,68.9677873852461
2001-06-02,68.98988470542464
2001-06-03,69.01198910559775
2001-06-04,69.03410058803384
2001-06-05,69.05621915500207
2001-06-06,67.38177795475973
2001-06-07,67.4593865355927
2001-06-08,67.45918609929889
2001-06-09,67.4808000627264
2001-06-10,67.50242095128066
2001-06-11,67.52404876718049
2001-06-12,67.4881544089196
2001-06-13,67.61596791167246
2001-06-14,67.84935757539702
2001-06-15,67.84869878467246
2001-06-16,67.87043754819649
2001-06-17,67.89218327683331
2001-06-18,67.91393597281453
2001-06-19,67.75143038733464
2001-06-20,67.78479427173876
2001-06-21,67.84571914594999
2001-06-22,67.8595563190552
2001-06-23,67.8812985613397
2001-06-24,67.90304776985163
2001-06-25,68.68017052458643
2001-06-26,68.743980655697
2001-06-27,68.73088804881988
2001-06-28,68.40684061595374
2001-06-29,68.47076679618705
2001-06-30,68.49270487067268
2001-07-01,68.50878126520749
2001-07-02,68.3148412575176
2001-07-03,68.35570222488148
2001-07-04,68.3256244643158
2001-07-05,68.15276473395691
2001-07-06,68.34442107040401
2001-07-07,68.36055684352516
2001-07-08,68.37669642622095
2001-07-09,68.3928398193908
2001-07-10,68.60198960847514
2001-07-11,68.68273072247396
2001-07-12,68.5750901160871
2001-07-13,68.5968684818268
2001-07-14,68.61306385650857
2001-07-15,68.6292630548366
2001-07-16,65.87785083820816
2001-07-17,65.99239726148227
2001-07-18,66.27585300510404
2001-07-19,66.25914706438212
2001-07-20,66.32757329313634
2001-07-21,66.34323289866919
2001-07-22,66.35889620135593
2001-07-23,68.12822865690913
2001-07-24,68.26687491674937
2001-07-25,68.40891371954214
2001-07-26,68.36992002182518
2001-07-27,68.37921783699562
2001-07-28,68.39536182545787
2001-07-29,68.41150962543435
2001-07-30,68.37081653920194
2001-07-31,68.35492247341324
2001-08-01,68.50479785500214
2001-08-02,68.57138942346931
2001-08-03,68.63680848288334
2001-08-04,68.65152506492966
2001-08-05,68.66624480239348
2001-08-06,67.86816296201104
2001-08-07,67.79968489285099
2001-08-08,67.85801185953085
2001-08-09,68.14305644595305
2001-08-10,68.19098927188925
2001-08-11,68.2056102647737
2001-08-12,68.22023439258014
2001-08-13,68.22954200681272
2001-08-14,68.31892998366051
2001-08-15,68.55196603315333
2001-08-16,68.66071018773594
2001-08-17,68.68537473195754
2001-08-18,68.7001017272093
2001-08-19,68.71483188011129
2001-08-20,68.72956519134054
2001-08-21,68.70337494815327
2001-08-22,68.76361961367334
2001-08-23,68.72528134768969
2001-08-24,68.6979104748163
2001-08-25,68.71264015788667
2001-08-26,68.72737299918353
2001-08-27,68.7345034952146
2001-08-28,68.71815227582755
2001-08-29,68.7693906954802
2001-08-30,68.90285886692334
2001-08-31,68.81974831260573
2001-09-01,68.8281097816682
2001-09-02,68.83647226663331
2001-09-03,68.77164394690985
2001-09-04,68.35890788025276
2001-09-05,68.43208658777678
2001-09-06,67.61238605816632
2001-09-07,67.8305060060627
2001-09-08,67.83874728405873
2001-09-09,67.84698956335443
2001-09-10,67.72241764196019
2001-09-11,67.73064578742476
2001-09-12,67.90307663051749
2001-09-13,67.99166450133919
2001-09-14,68.20345844577292
2001-09-15,68.21174503678394
2001-09-16,68.22003263460007
2001-09-17,67.2432754227613
2001-09-18,67.24457172342954
2001-09-19,67.38973724154297
2001-09-20,67.39792496696903
2001-09-21,67.06345025017123
2001-09-22,67.07159833234587
2001-09-23,67.07974740449707
2001-09-24,66.26156672020069
2001-09-25,66.43575430573809
2001-09-26,66.43809789945037
2001-09-27,66.3420900076915
2001-09-28,66.22767379725187
2001-09-29,66.2357203341706
2001-09-30,66.24376784872831
2001-10-01,66.25761511587874
2001-10-02,66.33555277261311
2001-10-03,66.39583781971746
2001-10-04,66.40964215713593
2001-10-05,66.42344936460977
2001-10-06,66.43725944273568
2001-10-07,66.45107239211056
2001-10-08,66.46488821333129
2001-10-09,66.42545206846158
2001-10-10,66.4585389896657
2001-10-11,66.15059290111874
2001-10-12,66.3596891677114
2001-10-13,66.37348598947516
2001-10-14,66.38728567973173
2001-10-15,66.39884685742231
2001-10-16,66.4024350266158
2001-10-17,66.32164988782326
2001-10-18,66.35393399610416
2001-10-19,66.24768843394749
2001-10-20,66.2614619696745
2001-10-21,66.27523836905294
2001-10-22,66.28901763267815
2001-10-23,66.30279976114566
2001-10-24,66.62605339542694
2001-10-25,66.69896146766625
2001-10-26,66.63035449902931
2001-10-27,66.6442075947356
2001-10-28,66.65806357063461
2001-10-29,66.90530619440258
2001-10-30,66.97890379663852
2001-10-31,66.88826796799101
2001-11-01,67.04236980936317
2001-11-02,66.93775509174274
2001-11-03,66.95031283605769
2001-11-04,66.96287293624701
2001-11-05,67.50467225911106
2001-11-06,67.51733635896221
2001-11-07,67.56697403308705
2001-11-08,67.45276293347304
2001-11-09,67.50344767747406
2001-11-10,67.51611154758965
2001-11-11,67.52877779348914
2001-11-12,67.61371970954629
2001-11-13,68.31854376926364
2001-11-14,68.33136055410274
2001-11-15,68.34709415325882
2001-11-16,68.35991629424443
2001-11-17,68.37274084070609
2001-11-18,68.38556779309512
2001-11-19,68.62688220457312
2001-11-20,68.73621163640591
2001-11-21,68.74910677711871
2001-11-22,68.6264874454698
2001-11-23,68.59809781922856
2001-11-24,68.61096704933232
2001-11-25,68.62383869374622
2001-11-26,68.71217442920266
2001-11-27,68.76631680503755
2001-11-28,68.88279879360795
2001-11-29,68.92331187849048
2001-11-30,68.9362421198277
2001-12-01,68.94612171745396
2001-12-02,68.9559770894524
2001-12-03,68.96583387020823
2001-12-04,69.02147006645308
2001-12-05,68.91655412180005
2001-12-06,69.0685624849394
2001-12-07,69.02414100309625
2001-12-08,69.03400752741283
2001-12-09,69.04387546208092
2001-12-10,69.0257203253636
2001-12-11,69.09146092525411
2001-12-12,69.19663880365417
2001-12-13,69.20652998534018
2001-12-14,69.36503746981096
2001-12-15,69.37495272292342
2001-12-16,69.38486939335284
2001-12-17,69.39478748130182
2001-12-18,69.36079273895388
2001-12-19,69.33361565117767
2001-12-20,69.27037541099902
2001-12-21,69.28027713282387
2001-12-22,69.29018027003146
2001-12-23,69.30008482282413
2001-12-24,69.30999079140423
2001-12-25,69.31989817597413
2001-12-26,69.32980697673624
2001-12-27,69.33971719389298
2001-12-28,69.34962882764685
2001-12-29,69.35954187820032
2001-12-30,69.3694563457559
2001-12-31,69.37937223051618
2002-01-01,69.33612128883516
2002-01-02,69.29289730969208
2002-01-03,69.24970027627856
2002-01-04,69.20653017179671
2002-01-05,69.16338697945908
2002-01-06,69.12027068248867
2002-01-07,69.07718126411903
2002-01-08,69.03411870759409
2002-01-09,68.99108299616817
2002-01-10,68.94807411310619
2002-01-11,111.74527685513371
2002-01-12,111.67561510558181
2002-01-13,111.605996783005
2002-01-14,111.53096845612048
2002-01-15,119.52292134843367
2002-01-16,130.84274561031987
2002-01-17,130.70847302688006
2002-01-18,134.02649012401955
2002-01-19,133.9429383171683
2002-01-20,133.859438596322
2002-01-21,133.72304980915416
2002-01-22,133.68265619916568
2002-01-23,133.2822963647161
2002-01-24,133.16351321305018
2002-01-25,133.29986902055066
2002-01-26,133.21677018763046
2002-01-27,133.13372315833223
2002-01-28,139.94604107866397
2002-01-29,138.76002861851867
2002-01-30,138.57025024882097
2002-01-31,138.2873491217398
2002-02-01,138.29981122177227
2002-02-02,138.16171720420724
2002-02-03,138.02376107517236
2002-02-04,137.88594269698427
2002-02-05,137.74826193209705
2002-02-06,137.61071864310227
2002-02-07,137.4733126927285
2002-02-08,137.3360439438416
2002-02-09,137.1989122594441
2002-02-10,137.0619175026756
2002-02-11,129.12825096805142
2002-02-12,123.64538262389524
2002-02-13,114.43189169928407
2002-02-14,120.68457377792687
2002-02-15,120.65250279966347
2002-02-16,120.53202983087421
2002-02-17,120.41167715578686
2002-02-18,133.36887387703825
2002-02-19,140.27244563304515
2002-02-20,140.1061346144261
2002-02-21,133.50035995818484
2002-02-22,140.71647499533995
2002-02-23,140.57596791005886
2002-02-24,140.43560112278493
2002-02-25,139.47619468338988
2002-02-26,139.71078126678955
2002-02-27,142.7890515653577
2002-02-28,143.52036822328714
2002-03-01,139.7491639701446
2002-03-02,139.59337471990014
2002-03-03,139.4377591400363
2002-03-04,136.44968136402778
2002-03-05,136.29747009032147
2002-03-06,142.72623003653771
2002-03-07,146.05167379974432
2002-03-08,148.75045630397986
2002-03-09,148.58452336670888
2002-03-10,148.41877552964098
2002-03-11,155.50790470935928
2002-03-12,158.57940356128452
2002-03-13,156.75742122859367
2002-03-14,156.92190345829184
2002-03-15,152.36530435792025
2002-03-16,152.19533901382323
2002-03-17,152.02556326812794
2002-03-18,156.50698913181128
2002-03-19,159.0200527600596
2002-03-20,163.18879060751686
2002-03-21,156.16966381360493
2002-03-22,191.89938496446752
2002-03-23,191.68531887419232
2002-03-24,191.4714915772358
2002-03-25,204.81419354596036
2002-03-26,188.87357975687453
2002-03-27,194.41954992605176
2002-03-28,194.2026725612105
2002-03-29,193.98603712569894
2002-03-30,193.76964334964188
2002-03-31,193.55349096346526
2002-04-01,192.9534672133102
2002-04-02,190.88576172070262
2002-04-03,190.50617954940085
2002-04-04,172.4623691188245
2002-04-05,176.3404090679317
2002-04-06,175.7937465767199
2002-04-07,175.2487787616228
2002-04-08,174.89599469732224
2002-04-09,177.74376093986615
2002-04-10,177.12261544912914
2002-04-11,180.43581349502128
2002-04-12,181.93755947109426
2002-04-13,181.37354558436712
2002-04-14,180.81128016379145
2002-04-15,183.07865436005818
2002-04-16,173.11399716054896
2002-04-17,172.57733667840748
2002-04-18,172.0423398657429
2002-04-19,193.02076917267243
2002-04-20,192.4223968818896
2002-04-21,191.8258795697183
2002-04-22,191.23121148564866
2002-04-23,190.63838689699799
2002-04-24,190.04740008885486
2002-04-25,189.45824536402446
2002-04-26,188.87091704297347
2002-04-27,188.28540946377535
2002-04-28,187.7017169820558
2002-04-29,175.0925578504629
2002-04-30,176.14806343585215
2002-05-01,175.93665217928188
2002-05-02,182.91615328475163
2002-05-03,188.36317789602865
2002-05-04,188.13716716281934
2002-05-05,187.91142761239686
2002-05-06,187.36933955221738
2002-05-07,186.60069418454754
2002-05-08,185.82883355397772
2002-05-09,184.71624162039123
2002-05-10,187.5059266523892
2002-05-11,187.28094450653055
2002-05-12,187.05623230929095
2002-05-13,187.1806018459868
2002-05-14,184.6961932267015
2002-05-15,185.38304923602286
2002-05-16,185.30701831351294
2002-05-17,195.3724371517311
2002-05-18,195.13801624068694
2002-05-19,194.90387660352332
2002-05-20,202.9921518516511
2002-05-21,202.74858829752026
2002-05-22,196.8923080683633
2002-05-23,192.56153909809166
2002-05-24,192.33049089044513
2002-05-25,192.09971990988407
2002-05-26,191.86922582377295
2002-05-27,191.6390082998752
2002-05-28,197.44249243307883
2002-05-29,203.12365467821283
2002-05-30,202.87993333819952
2002-05-31,202.86147249246946
2002-06-01,202.6384258400551
2002-06-02,202.41562442794455
2002-06-03,203.83117318092957
2002-06-04,203.34218231186188
2002-06-05,202.60688092053542
2002-06-06,202.65464985189138
2002-06-07,202.43183060144273
2002-06-08,202.209256341269
2002-06-09,201.98692680200276
2002-06-10,192.74886299010092
2002-06-11,192.72247299747957
2002-06-12,190.30498390442662
2002-06-13,189.08232414462728
2002-06-14,193.19373443281603
2002-06-15,192.98131748048283
2002-06-16,192.769134081074
2002-06-17,192.5571839777975
2002-06-18,192.2487540860742
2002-06-19,192.8784766293567
2002-06-20,195.58944448728906
2002-06-21,200.09450459416982
2002-06-22,199.8745002292804
2002-06-23,199.65473775969267
2002-06-24,201.02667206432696
2002-06-25,208.43229731537218
2002-06-26,205.68285885462024
2002-06-27,202.37903670006236
2002-06-28,202.5967824146232
2002-06-29,202.37402678955397
2002-06-30,202.1515160848035
2002-07-01,201.78966398756762
2002-07-02,191.6951681225236
2002-07-03,188.5971687957411
2002-07-04,188.4482006009431
2002-07-05,188.2993500724028
2002-07-06,188.15061711717848
2002-07-07,188.00200164240198
2002-07-08,187.85350355527848
2002-07-09,187.7051227630863
2002-07-10,187.55685917317714
2002-07-11,188.3139461041226
2002-07-12,189.38253218113564
2002-07-13,189.23294364740815
2002-07-14,189.0834732699286
2002-07-15,189.6534387601847
2002-07-16,186.52746622195798
2002-07-17,186.66916574869023
2002-07-18,185.32881837160852
2002-07-19,187.80858378018198
2002-07-20,187.66023846899856
2002-07-21,187.51201033207263
2002-07-22,188.1291509726008
2002-07-23,188.77982742687794
2002-07-24,186.79224824237215
2002-07-25,187.11835885899916
2002-07-26,185.67904433707443
2002-07-27,185.5323810959275
2002-07-28,185.38583370041292
2002-07-29,184.68166833255052
2002-07-30,181.7741943704063
2002-07-31,180.86879303248065
2002-08-01,174.95851344227853
2002-08-02,181.18514676055375
2002-08-03,181.08538749164583
2002-08-04,180.98568314949054
2002-08-05,183.11694473778664
2002-08-06,178.3265184303688
2002-08-07,181.16101337814433
2002-08-08,185.4098999142253
2002-08-09,182.81242573081437
2002-08-10,182.71177049353773
2002-08-11,182.6111706763276
2002-08-12,180.29471061311637
2002-08-13,178.28145040229515
2002-08-14,179.27015399252554
2002-08-15,179.25534218390038
2002-08-16,178.66361014402122
2002-08-17,178.56523921545954
2002-08-18,178.46692244924006
2002-08-19,178.36865981554135
2002-08-20,179.2072228290847
2002-08-21,177.35319273574268
2002-08-22,175.70604586940044
2002-08-23,176.61548712775675
2002-08-24,176.51824388133898
2002-08-25,176.4210541763695
2002-08-26,177.3319560890387
2002-08-27,178.4171402962453
2002-08-28,176.35727450554046
2002-08-29,176.54254970633573
2002-08-30,178.62327639865495
2002-08-31,178.52492767757013
2002-09-01,178.47206706757396
2002-09-02,178.61175647530823
2002-09-03,179.0486675542316
2002-09-04,178.3792693299614
2002-09-05,177.25911642803024
2002-09-06,176.01253924950637
2002-09-07,175.96042254898313
2002-09-08,175.90832128003368
2002-09-09,175.22232285183864
2002-09-10,175.54448520825375
2002-09-11,174.9279592852039
2002-09-12,175.17445083263985
2002-09-13,175.23246530496039
2002-09-14,175.18057958161828
2002-09-15,175.1287092214583
2002-09-16,174.91143380341626
2002-09-17,173.57641464067103
2002-09-18,173.42330204534485
2002-09-19,172.51317908739819
2002-09-20,172.30458258587512
2002-09-21,172.25356379841998
2002-09-22,172.2025601174503
2002-09-23,172.179517187753
2002-09-24,169.31375939229636
2002-09-25,167.39177482209968
2002-09-26,174.8535551608026
2002-09-27,170.04651874443343
2002-09-28,169.99616856182595
2002-09-29,169.94583328773237
2002-09-30,169.96051872617141
2002-10-01,171.06021562085658
2002-10-02,173.3580613828639
2002-10-03,172.98321004878412
2002-10-04,172.97131851298786
2002-10-05,172.98938999988817
2002-10-06,173.0074633748393
2002-10-07,174.3876743315049
2002-10-08,170.9765158940403
2002-10-09,169.83939596497663
2002-10-10,167.79898427236697
2002-10-11,167.0823838761218
2002-10-12,167.09984010607627
2002-10-13,167.11729815980152
2002-10-14,167.13475803748796
2002-10-15,165.9241794218377
2002-10-16,164.1630216953644
2002-10-17,162.29024741049304
2002-10-18,167.67362059683745
2002-10-19,167.69113859730246
2002-10-20,167.70865842799182
2002-10-21,164.7055355547682
2002-10-22,163.55170330746833
2002-10-23,163.83244169544253
2002-10-24,163.58717722606758
2002-10-25,165.36116273146425
2002-10-26,165.37843913377077
2002-10-27,165.39571734106022
2002-10-28,165.27662257266473
2002-10-29,163.73141087860427
2002-10-30,163.03636375932646
2002-10-31,163.2254407616649
2002-11-01,163.8153063158529
2002-11-02,163.83699640611684
2002-11-03,163.85868936827376
2002-11-04,167.19066577681883
2002-11-05,165.79022250294747
2002-11-06,165.8121740834917
2002-11-07,167.3035597153559
2002-11-08,168.14419132982655
2002-11-09,168.16645458940428
2002-11-10,168.18872079676578
2002-11-11,168.16112084465112
2002-11-12,166.9685086433558
2002-11-13,165.35160873645555
2002-11-14,166.1148546361531
2002-11-15,165.1787544601062
2002-11-16,165.20062507875906
2002-11-17,165.2224985932078
2002-11-18,165.03856553909515
2002-11-19,165.93551308474736
2002-11-20,166.3695973621553
2002-11-21,165.91818725376947
2002-11-22,164.75369218835033
2002-11-23,164.77550652630967
2002-11-24,164.797323752613
2002-11-25,164.51673050108386
2002-11-26,163.2456600485985
2002-11-27,164.05919124196458
2002-11-28,164.08091362399773
2002-11-29,170.2230246585956
2002-11-30,170.24556316768175
2002-12-01,170.28045287950712
2002-12-02,167.9637224099955
2002-12-03,165.62105101018605
2002-12-04,164.64760704573877
2002-12-05,163.810310361681
2002-12-06,164.09502899570555
2002-12-07,164.1284701803199
2002-12-08,164.16191817996597
2002-12-09,163.7276604573438
2002-12-10,163.28082691565402
2002-12-11,163.48563126252665
2002-12-12,164.01992529887116
2002-12-13,165.20244233903867
2002-12-14,165.23610920516384
2002-12-15,165.2697829323127
2002-12-16,167.31754934022402
2002-12-17,168.33759368030587
2002-12-18,167.33205185367197
2002-12-19,166.1935501284034
2002-12-20,168.4479328066898
2002-12-21,168.48226107643305
2002-12-22,168.51659634198853
2002-12-23,166.27342247234495
2002-12-24,166.09281599478186
2002-12-25,166.1266643115578
2002-12-26,163.21410084659422
2002-12-27,162.96726334239727
2002-12-28,163.00047469787145
2002-12-29,163.03369282154014
2002-12-30,162.67273385714628
2002-12-31,161.97825619667262
2003-01-01,161.95833441360156
2003-01-02,160.74998373050698
2003-01-03,160.93592298575686
2003-01-04,160.91612939974513
2003-01-05,160.896338248156
2003-01-06,160.59281497008104
2003-01-07,159.39000272270567
2003-01-08,161.66789042059415
2003-01-09,163.09107319320287
2003-01-10,164.51433214488384
2003-01-11,164.49409844862097
2003-01-12,164.47386724091007
2003-01-13,163.25644846786668
2003-01-14,159.61567075818363
2003-01-15,158.42363721321703
2003-01-16,159.92662781986564
2003-01-17,157.22456766975472
2003-01-18,157.2052305451054
2003-01-19,157.18589579873824
2003-01-20,155.67586405514692
2003-01-21,150.55682685805024
2003-01-22,149.1012111016596
2003-01-23,151.9232234709922
2003-01-24,151.31938688081516
2003-01-25,151.30077603717066
2003-01-26,151.28216748248272
2003-01-27,158.29548100329265
2003-01-28,158.82593089441858
2003-01-29,158.0430049141052
2003-01-30,156.2314305749962
2003-01-31,154.0480377861133
2003-02-01,154.0673784168103
2003-02-02,154.0867214757108
2003-02-03,153.57838812176036
2003-02-04,153.0805152950254
2003-02-05,150.99006036064586
2003-02-06,151.01494902278802
2003-02-07,151.23006900619765
2003-02-08,151.24905584275172
2003-02-09,151.26804506309077
2003-02-10,149.56116743420748
2003-02-11,148.95056990705407
2003-02-12,148.35099730031123
2003-02-13,150.05143776666242
2003-02-14,151.30677614168334
2003-02-15,151.32577260876826
2003-02-16,151.34477146084723
2003-02-17,150.21662223829674
2003-02-18,151.5766773884772
2003-02-19,152.80345708164867
2003-02-20,153.88862973836436
2003-02-21,153.7359436831242
2003-02-22,153.75524513061004
2003-02-23,153.77454900138002
2003-02-24,151.97352310984274
2003-02-25,151.3816326211242
2003-02-26,152.0493141748812
2003-02-27,153.09342571461647
2003-02-28,153.20828220216004
2003-03-01,153.21060349010386
2003-03-02,153.212924813218
2003-03-03,154.5689540812536
2003-03-04,153.16327118128697
2003-03-05,153.017817040898
2003-03-06,154.24002212882297
2003-03-07,153.49413647733695
2003-03-08,153.49635293985975
2003-03-09,153.49856943438834
2003-03-10,152.26643287275155
2003-03-11,152.36424453817284
2003-03-12,151.53333561997883
2003-03-13,152.0263883627115
2003-03-14,151.48458701093458
2003-03-15,151.48677445546892
2003-03-16,151.48896193159004
2003-03-17,149.94476946052947
2003-03-18,148.0458831705341
2003-03-19,145.0773973082392
2003-03-20,145.94507162026486
2003-03-21,146.38056668298591
2003-03-22,146.38268042522756
2003-03-23,146.38479419799177
2003-03-24,145.4230856626464
2003-03-25,143.3522168508034
2003-03-26,141.36653904257219
2003-03-27,140.35540686781468
2003-03-28,145.91869724253763
2003-03-29,145.92080431536291
2003-03-30,145.92291141861443
2003-03-31,145.92501855229264
2003-04-01,145.997119815307
2003-04-02,143.36898467001572
2003-04-03,143.33682374507
2003-04-04,143.6997491463173
2003-04-05,143.7123176041681
2003-04-06,143.72488716129803
2003-04-07,144.05703298385916
2003-04-08,144.85768989376604
2003-04-09,145.39066628590737
2003-04-10,143.29479683229957
2003-04-11,144.038918217749
2003-04-12,144.05151634045455
2003-04-13,144.06411556503377
2003-04-14,146.18120149481416
2003-04-15,148.37971918302634
2003-04-16,148.0498779009172
2003-04-17,148.06282683549276
2003-04-18,148.07577690262517
2003-04-19,148.08872810241348
2003-04-20,148.10168043495682
2003-04-21,146.5292879616459
2003-04-22,144.65742042018852
2003-04-23,144.7616152895018
2003-04-24,145.97356689549315
2003-04-25,146.26697600901167
2003-04-26,146.27976900505973
2003-04-27,146.2925631200258
2003-04-28,146.42737032124586
2003-04-29,146.9764101461103
2003-04-30,146.58292995054495
2003-05-01,146.6051273499485
2003-05-02,144.50776090510197
2003-05-03,144.52967625416213
2003-05-04,144.55159492679832
2003-05-05,144.3723741474195
2003-05-06,144.75551738491242
2003-05-07,145.22970560496748
2003-05-08,144.65469065206796
2003-05-09,145.99569736898923
2003-05-10,146.01783837130696
2003-05-11,146.0399827314221
2003-05-12,146.04546051243494
2003-05-13,145.7592053198108
2003-05-14,146.99627289532967
2003-05-15,147.93040977430144
2003-05-16,153.6700277250732
2003-05-17,153.69333257926644
2003-05-18,153.71664096776124
2003-05-19,152.58445670337866
2003-05-20,150.3361880094288
2003-05-21,148.624917339916
2003-05-22,150.58056135913785
2003-05-23,153.45818239275803
2003-05-24,153.48145511951137
2003-05-25,153.50473137569404
2003-05-26,152.02046666784284
2003-05-27,150.40131604664293
2003-05-28,150.53020286088156
2003-05-29,152.3536308498503
2003-05-30,149.75553088748003
2003-05-31,149.7782420879895
2003-06-01,149.78115867006304
2003-06-02,149.8553425948095
2003-06-03,149.20925243207122
2003-06-04,149.07592924490427
2003-06-05,150.54680411477523
2003-06-06,149.52560024405298
2003-06-07,149.5285119065156
2003-06-08,149.53142362567607
2003-06-09,149.52725685981792
2003-06-10,149.20051846767288
2003-06-11,150.05198782916503
2003-06-12,150.7180964238615
2003-06-13,150.63419079671698
2003-06-14,150.6371240463961
2003-06-15,150.6400573531934
2003-06-16,150.64299071711005
2003-06-17,149.26738711263192
2003-06-18,148.04686534491927
2003-06-19,148.71057745003665
2003-06-20,148.39730216374042
2003-06-21,148.40019185522848
2003-06-22,148.40308160298648
2003-06-23,147.91669694526018
2003-06-24,146.80956445190677
2003-06-25,147.06024147954045
2003-06-26,147.08966945063676
2003-06-27,148.6776894311076
2003-06-28,148.68058458248393
2003-06-29,148.68347979023662
2003-06-30,148.8078764521628
2003-07-01,149.1230002780406
2003-07-02,149.23546680244795
2003-07-03,148.53178771790186
2003-07-04,148.5191634926527
2003-07-05,148.50614844114457
2003-07-06,148.49313453017325
2003-07-07,146.529637045116
2003-07-08,145.85840893009726
2003-07-09,145.8456270461944
2003-07-10,145.4401755217778
2003-07-11,144.95395262448997
2003-07-12,144.94125000002492
2003-07-13,144.92854848871798
2003-07-14,145.78361555090692
2003-07-15,145.60049412007058
2003-07-16,146.23799974479414
2003-07-17,146.41624614385148
2003-07-18,147.03700655167256
2003-07-19,147.02412138474287
2003-07-20,147.01123734696785
2003-07-21,147.0674966737382
2003-07-22,145.97411966965487
2003-07-23,146.23140112159032
2003-07-24,147.76938344524805
2003-07-25,148.68565684135103
2003-07-26,148.6726271996752
2003-07-27,148.6595986998147
2003-07-28,149.2199116813289
2003-07-29,149.0588976494473
2003-07-30,151.3119778010241
2003-07-31,151.35702601576767
2003-08-01,151.61234083472377
2003-08-02,151.62793530218997
2003-08-03,151.64353137366427
2003-08-04,152.1199575408429
2003-08-05,151.78333541145116
2003-08-06,150.72321027339945
2003-08-07,152.12032275684155
2003-08-08,152.00452179491367
2003-08-09,152.02015660113585
2003-08-10,152.03579301551534
2003-08-11,151.33403900831814
2003-08-12,150.08431347639828
2003-08-13,149.4814642307802
2003-08-14,149.786602350255
2003-08-15,149.82214323491493
2003-08-16,149.83755356711833
2003-08-17,149.8529654843901
2003-08-18,149.86837898689325
2003-08-19,149.42646321344958
2003-08-20,150.50375412964212
2003-08-21,151.50577022620547
2003-08-22,151.7375232469259
2003-08-23,151.753130590343
2003-08-24,151.76873953909256
2003-08-25,150.3871484484743
2003-08-26,151.08282089685204
2003-08-27,152.43248144710785
2003-08-28,152.15641611210867
2003-08-29,152.45525746716544
2003-08-30,152.47093863493535
2003-08-31,152.4866214156312
2003-09-01,152.73574653293065
2003-09-02,153.5121640861758
2003-09-03,153.8570539831438
2003-09-04,153.35121526893371
2003-09-05,152.96146361621842
2003-09-06,152.9760170092241
2003-09-07,152.99057178690046
2003-09-08,153.19825707101091
2003-09-09,153.84925102574206
2003-09-10,153.94607838668702
2003-09-11,151.9446946422467
2003-09-12,152.67601109687283
2003-09-13,152.69053733073272
2003-09-14,152.7050649466792
2003-09-15,152.3238300937429
2003-09-16,151.92764493735794
2003-09-17,153.0822940472582
2003-09-18,153.16379543591097
2003-09-19,153.62104760752632
2003-09-20,153.63566375610995
2003-09-21,153.65028129533502
2003-09-22,154.20908915642474
2003-09-23,153.40544059138864
2003-09-24,153.18802286992695
2003-09-25,153.01202779494884
2003-09-26,153.46191571394954
2003-09-27,153.47651672205967
2003-09-28,153.49111911937072
2003-09-29,154.3357042842596
2003-09-30,155.084660039868
2003-10-01,154.9223988172218
2003-10-02,154.89385910416374
2003-10-03,153.44188980350805
2003-10-04,153.41861265042724
2003-10-05,153.3953390284933
2003-10-06,152.9684439793355
2003-10-07,153.9971292368191
2003-10-08,153.535693216405
2003-10-09,152.44506366701967
2003-10-10,152.57707354560546
2003-10-11,152.55392758525468
2003-10-12,152.53078513614886
2003-10-13,152.50764619775532
2003-10-14,152.24898078164165
2003-10-15,152.17747985267914
2003-10-16,152.03438597560114
2003-10-17,151.8736808485516
2003-10-18,151.85064159295726
2003-10-19,151.82760583242083
2003-10-20,152.240429875675
2003-10-21,152.33450617338966
2003-10-22,152.79697246111232
2003-10-23,152.50052175585034
2003-10-24,152.2221612806248
2003-10-25,152.19906916050715
2003-10-26,152.17598054346692
2003-10-27,151.95247092207185
2003-10-28,152.37266051386305
2003-10-29,152.7736447857028
2003-10-30,153.42746333618763
2003-10-31,152.8092722372478
2003-11-01,152.8073179420169
2003-11-02,152.80536367177967
2003-11-03,152.07789026178625
2003-11-04,152.06346229253535
2003-11-05,151.77491920644877
2003-11-06,151.77297813967692
2003-11-07,151.7232894944223
2003-11-08,151.72134908794865
2003-11-09,151.71940870629115
2003-11-10,151.514067536814
2003-11-11,152.038345274171
2003-11-12,151.8175780196182
2003-11-13,152.09251757348756
2003-11-14,152.34321751178837
2003-11-15,152.34126917698455
2003-11-16,152.3393208670982
2003-11-17,152.2301836159184
2003-11-18,152.31631368131835
2003-11-19,152.99974028461446
2003-11-20,153.22745355004747
2003-11-21,154.14137600249435
2003-11-22,154.1394046708363
2003-11-23,154.1374333643898
2003-11-24,154.04605159900157
2003-11-25,155.12236226753876
2003-11-26,158.3697548779356
2003-11-27,157.81904007865901
2003-11-28,159.416461191168
2003-11-29,159.41442239584308
2003-11-30,159.4123836265926
2003-12-01,159.13483985605075
2003-12-02,159.41576454443788
2003-12-03,159.29893267680288
2003-12-04,159.2179774669337
2003-12-05,159.18297764722635
2003-12-06,159.19198872641886
2003-12-07,159.20100031571326
2003-12-08,159.21001241513852
2003-12-09,158.27608747076164
2003-12-10,158.013452066131
2003-12-11,158.59826414400234
2003-12-12,159.4689420221189
2003-12-13,159.47796928927113
2003-12-14,159.48699706744165
2003-12-15,160.07398701816004
2003-12-16,160.1810089561207
2003-12-17,160.26289592163397
2003-12-18,160.6879336033827
2003-12-19,160.63862677248943
2003-12-20,160.64772025351746
2003-12-21,160.65681424931205
2003-12-22,160.4554235897967
2003-12-23,160.47197692108838
2003-12-24,160.84388923001868
2003-12-25,160.85299433060732
2003-12-26,160.36560565145328
2003-12-27,160.37468367721732
2003-12-28,160.38376221687304
2003-12-29,160.61447581237368
2003-12-30,160.0051415254902
2003-12-31,159.95132745910695
2004-01-01,159.9526770656533
2004-01-02,160.01208911290715
2004-01-03,160.01343923213642
2004-01-04,160.01478936275748
2004-01-05,158.87937475348159
2004-01-06,158.17828862733722
2004-01-07,159.23920038549713
2004-01-08,160.05821030850132
2004-01-09,160.6695040053262
2004-01-10,160.6708596715644
2004-01-11,160.6722153492412
2004-01-12,158.76868573424298
2004-01-13,159.07118952095507
2004-01-14,159.37894108736003
2004-01-15,158.45504947766344
2004-01-16,158.30975204468024
2004-01-17,158.3110878002572
2004-01-18,158.3124235671048
2004-01-19,158.59054308042823
2004-01-20,159.59496205562886
2004-01-21,160.57665777215894
2004-01-22,160.15646113398128
2004-01-23,160.2531034433335
2004-01-24,160.25445559614712
2004-01-25,160.25580776036972
2004-01-26,160.0450476366082
2004-01-27,160.11588383046714
2004-01-28,159.98474289892002
2004-01-29,159.82047662409582
2004-01-30,159.5355019229423
2004-01-31,159.5368480209159
2004-02-01,159.55387599586905
2004-02-02,158.9489176432809
2004-02-03,160.08592149090836
2004-02-04,160.57557781906468
2004-02-05,161.13746218192634
2004-02-06,161.522765505251
2004-02-07,161.54000544473527
2004-02-08,161.55724722430392
2004-02-09,160.57823258698076
2004-02-10,160.82035211885548
2004-02-11,161.79210097589916
2004-02-12,161.5427435813484
2004-02-13,160.64933889394626
2004-02-14,160.66648560928425
2004-02-15,160.68363415475642
2004-02-16,160.59487504020967
2004-02-17,161.45278768770507
2004-02-18,161.3071888269458
2004-02-19,160.72856771068035
2004-02-20,159.25020324182816
2004-02-21,159.26720062209316
2004-02-22,159.2841998165532
2004-02-23,159.27503383021758
2004-02-24,159.40680265820194
2004-02-25,159.25649366017268
2004-02-26,159.28848922230827
2004-02-27,159.62863799440555
2004-02-28,159.64567576645192
2004-02-29,159.66271535700457
2004-03-01,159.87136664278256
2004-03-02,158.61571911146163
2004-03-03,157.89373378135247
2004-03-04,158.89484054318973
2004-03-05,160.28469437936636
2004-03-06,160.26992244422897
2004-03-07,160.25515187048214
2004-03-08,160.304584052092
2004-03-09,159.22761084785571
2004-03-10,158.5332321138566
2004-03-11,158.24346578369045
2004-03-12,157.87675591056217
2004-03-13,157.86220589250192
2004-03-14,157.84765721538014
2004-03-15,157.46177186217054
2004-03-16,157.1881325492035
2004-03-17,156.35990180797162
2004-03-18,156.95087334960823
2004-03-19,156.12558322223666
2004-03-20,156.11119459331871
2004-03-21,156.09680729046562
2004-03-22,155.68952342078967
2004-03-23,155.8147481656611
2004-03-24,155.32320526499143
2004-03-25,155.1254485665456
2004-03-26,154.96787058414196
2004-03-27,154.95358865072652
2004-03-28,154.93930803354272
2004-03-29,154.5699205802774
2004-03-30,154.33083127609302
2004-03-31,155.11822024551674
2004-04-01,154.7743522911133
2004-04-02,154.06336413236843
2004-04-03,154.03884576327988
2004-04-04,154.01433129616004
2004-04-05,153.98982073038792
2004-04-06,153.0835630912459
2004-04-07,152.10356430958433
2004-04-08,152.0793578322662
2004-04-09,152.05515520728085
2004-04-10,152.03095643401517
2004-04-11,152.00676151185615
2004-04-12,151.78901314494823
2004-04-13,151.5349705382695
2004-04-14,151.06613047682714
2004-04-15,150.75791824415316
2004-04-16,151.49274362469535
2004-04-17,151.46863435625676
2004-04-18,151.4445289246806
2004-04-19,151.8025217276209
2004-04-20,151.73586644812568
2004-04-21,152.04501395422454
2004-04-22,152.71110761939877
2004-04-23,152.24561174529816
2004-04-24,152.22138266188236
2004-04-25,152.19715743439696
2004-04-26,151.22984572286754
2004-04-27,151.35228049499057
2004-04-28,151.44588996962787
2004-04-29,151.61835225366036
2004-04-30,151.16485227938415
2004-05-01,151.1501751295202
2004-05-02,151.13542330170918
2004-05-03,150.97963885638654
2004-05-04,151.96799626585906
2004-05-05,152.69255817619575
2004-05-06,153.13466181068475
2004-05-07,152.400418224596
2004-05-08,152.3855443766097
2004-05-09,152.37067198026875
2004-05-10,151.8732227812194
2004-05-11,151.29011077800277
2004-05-12,151.68963663618874
2004-05-13,151.46778676237008
2004-05-14,151.36205960940376
2004-05-15,151.34728710226926
2004-05-16,151.33251603688953
2004-05-17,151.46465372545242
2004-05-18,151.1011482616809
2004-05-19,151.4880203152036
2004-05-20,151.70485422241555
2004-05-21,152.7171331342671
2004-05-22,152.70222837580513
2004-05-23,152.68732507200525
2004-05-24,153.12602250519635
2004-05-25,153.11107784029304
2004-05-26,153.68058361726423
2004-05-27,155.17248596143415
2004-05-28,155.41611062966808
2004-05-29,155.40094245866788
2004-05-30,155.38577576803817
2004-05-31,155.0465836116107
2004-06-01,154.29374787674647
2004-06-02,153.70198930938847
2004-06-03,154.7486820300329
2004-06-04,155.16901346146923
2004-06-05,155.15923865426288
2004-06-06,155.14946446281633
2004-06-07,155.80589833146692
2004-06-08,155.26523540770378
2004-06-09,154.42692790463835
2004-06-10,154.80065224716492
2004-06-11,153.9873253379935
2004-06-12,153.97762497073694
2004-06-13,153.967925214551
2004-06-14,153.49732914421492
2004-06-15,153.88725789957354
2004-06-16,153.18007187042846
2004-06-17,154.05972708117613
2004-06-18,154.44038129502854
2004-06-19,154.43065238770117
2004-06-20,154.4209240932423
2004-06-21,154.41119641161325
2004-06-22,153.92535000023818
2004-06-23,153.44599094149396
2004-06-24,154.1425623533762
2004-06-25,154.3560381020094
2004-06-26,154.34631450784624
2004-06-27,154.3365915262169
2004-06-28,154.56189869954693
2004-06-29,154.47641141915267
2004-06-30,154.07633494719587
2004-07-01,154.5882736293888
2004-07-02,154.48354723969047
2004-07-03,154.482682247966
2004-07-04,154.48181726108487
2004-07-05,154.10303149352512
2004-07-06,154.99772272703228
2004-07-07,155.94595471980554
2004-07-08,156.29612787314454
2004-07-09,156.29525273233128
2004-07-10,156.29437759641812
2004-07-11,156.29350246540503
2004-07-12,156.232489934846
2004-07-13,155.41998771639027
2004-07-14,155.95168723207365
2004-07-15,155.83186089233766
2004-07-16,156.62897932663535
2004-07-17,156.62810232210416
2004-07-18,156.62722532248355
2004-07-19,156.9541527933526
2004-07-20,156.71643938929233
2004-07-21,155.58031879603473
2004-07-22,155.9562538329574
2004-07-23,155.71824391257664
2004-07-24,155.71737200747904
2004-07-25,155.7165001072635
2004-07-26,155.84707432316452
2004-07-27,155.29940015431646
2004-07-28,155.63804642989214
2004-07-29,156.01912448612677
2004-07-30,156.13459702803672
2004-07-31,156.13372279167476
2004-08-01,156.14232302156827
2004-08-02,156.33462478647343
2004-08-03,156.85310795530768
2004-08-04,158.1930452574807
2004-08-05,159.94282128461307
2004-08-06,161.23563408500186
2004-08-07,161.24451534073165
2004-08-08,161.2533970856629
2004-08-09,159.6632516850945
2004-08-10,159.46924914854958
2004-08-11,159.24402160674055
2004-08-12,158.667483317697
2004-08-13,159.56177936295825
2004-08-14,159.57056841864852
2004-08-15,159.5793579584616
2004-08-16,159.58814798242418
2004-08-17,159.91129630694846
2004-08-18,160.07310971756556
2004-08-19,160.19656705041893
2004-08-20,160.0605666631633
2004-08-21,160.0693831932862
2004-08-22,160.07820020904532
2004-08-23,159.83511987121096
2004-08-24,158.8076425225486
2004-08-25,158.7964806143248
2004-08-26,159.52187707681034
2004-08-27,159.34650366460005
2004-08-28,159.35528086237474
2004-08-29,159.36405854361914
2004-08-30,159.6460215839421
2004-08-31,159.94682435779478
2004-09-01,160.2222739722476
2004-09-02,159.86534822944435
2004-09-03,159.4315875243111
2004-09-04,159.39957690540933
2004-09-05,159.36757271358852
2004-09-06,159.04542645553872
2004-09-07,159.54941617619468
2004-09-08,160.3625239451622
2004-09-09,160.4026599394188
2004-09-10,161.21377520103798
2004-09-11,161.18140675511196
2004-09-12,161.14904480811137
2004-09-13,160.33232666179603
2004-09-14,159.708143287097
2004-09-15,158.91484546108404
2004-09-16,159.94644406097146
2004-09-17,160.37583198167295
2004-09-18,160.3436317776962
2004-09-19,160.31143803886525
2004-09-20,160.62674162138347
2004-09-21,161.057298248962
2004-09-22,160.67841037225784
2004-09-23,160.80590864048636
2004-09-24,160.7901427014029
2004-09-25,160.75785931226338
2004-09-26,160.72558240497156
2004-09-27,160.6962924878208
2004-09-28,160.54783130450457
2004-09-29,160.45385251093117
2004-09-30,160.49937059462133
2004-10-01,160.87811533637176
2004-10-02,160.86819645706143
2004-10-03,160.8582781892959
2004-10-04,160.07775042214865
2004-10-05,160.70001465642176
2004-10-06,160.05218025060702
2004-10-07,160.1373760858785
2004-10-08,161.02132476518835
2004-10-09,161.01139705635492
2004-10-10,161.00146995961063
2004-10-11,160.9915434749177
2004-10-12,161.0284408032707
2004-10-13,159.97831219386336
2004-10-14,159.8765618709584
2004-10-15,159.79421443293927
2004-10-16,159.78436238112886
2004-10-17,159.774510936743
2004-10-18,159.23083236926854
2004-10-19,159.2839252656247
2004-10-20,159.29516445989645
2004-10-21,159.79989451835607
2004-10-22,160.3212819156629
2004-10-23,160.31139736770638
2004-10-24,160.30151342917793
2004-10-25,160.4471968912407
2004-10-26,160.75555682555367
2004-10-27,160.890057814201
2004-10-28,161.23463419860218
2004-10-29,161.07855719369238
2004-10-30,161.06862595621521
2004-10-31,161.05869533104476
2004-11-01,160.74358277278034
2004-11-02,160.37634562592805
2004-11-03,161.13847929076942
2004-11-04,161.78463243234754
2004-11-05,162.17449966818648
2004-11-06,162.18990741890568
2004-11-07,162.20531663347276
2004-11-08,162.41790091562797
2004-11-09,162.44832288725297
2004-11-10,162.35680971520284
2004-11-11,162.21407684258492
2004-11-12,162.99246799594744
2004-11-13,163.0079534595754
2004-11-14,163.02344039443446
2004-11-15,162.56108488736052
2004-11-16,162.80306751046498
2004-11-17,162.62432372988707
2004-11-18,162.30542363705885
2004-11-19,162.88856645166567
2004-11-20,162.90404204389526
2004-11-21,162.91951910641802
2004-11-22,163.66015747626005
2004-11-23,163.61423756782486
2004-11-24,163.83196312851467
2004-11-25,163.9043149385293
2004-11-26,164.62446446077496
2004-11-27,164.64010497587373
2004-11-28,164.6557469769346
2004-11-29,164.7617605245457
2004-11-30,165.00303157706492
2004-12-01,165.53538749343758
2004-12-02,165.74895217717724
2004-12-03,167.72580972075602
2004-12-04,167.7050249379046
2004-12-05,167.68424273072824
2004-12-06,168.01297196649685
2004-12-07,167.0749198850183
2004-12-08,167.05421576121333
2004-12-09,165.3176201994787
2004-12-10,165.22622127734635
2004-12-11,165.20574624648296
2004-12-12,165.18527375290986
2004-12-13,165.76262834027432
2004-12-14,165.83826506822393
2004-12-15,166.94165688171643
2004-12-16,167.05637516471313
2004-12-17,167.04402146962718
2004-12-18,167.02332117479088
2004-12-19,167.00262344515974
2004-12-20,167.2025233822684
2004-12-21,166.86706887060316
2004-12-22,166.65228309536045
2004-12-23,166.66392033661612
2004-12-24,166.67213864497845
2004-12-25,166.6514844343063
2004-12-26,166.6308327831286
2004-12-27,167.45872431960422
2004-12-28,168.32056300845414
2004-12-29,168.84239783974587
2004-12-30,169.3334167991878
2004-12-31,169.352896217811
2005-01-01,169.28278431231195
2005-01-02,169.2127014330616
2005-01-03,167.53923805042064
2005-01-04,165.90664144857197
2005-01-05,166.37775518310437
2005-01-06,165.05178335343638
2005-01-07,165.1382056689539
2005-01-08,165.06983864052557
2005-01-09,165.00149991596885
2005-01-10,165.37736698857654
2005-01-11,164.66568104037543
2005-01-12,164.70978477546402
2005-01-13,163.8663686476604
2005-01-14,163.17525948607727
2005-01-15,163.10770511512538
2005-01-16,163.04017871160582
2005-01-17,162.5427358404134
2005-01-18,162.26562976869826
2005-01-19,162.68175633953214
2005-01-20,162.35683496868555
2005-01-21,163.25754718227245
2005-01-22,163.18995874430834
2005-01-23,163.12239828788034
2005-01-24,162.6674731353978
2005-01-25,161.43298326931793
2005-01-26,162.13382507980762
2005-01-27,162.11249768186735
2005-01-28,162.4320962312414
2005-01-29,162.3648495290277
2005-01-30,162.2976306668719
2005-01-31,163.05501440753957
2005-02-01,163.0706040576655
2005-02-02,163.00189928362562
2005-02-03,162.86878211686295
2005-02-04,162.41628812226014
2005-02-05,162.39851478943964
2005-02-06,162.380743401568
2005-02-07,162.07705092453784
2005-02-08,161.12929654607078
2005-02-09,161.61096681188926
2005-02-10,161.88967770802796
2005-02-11,161.86245471769004
2005-02-12,161.8447419912628
2005-02-13,161.82703120315216
2005-02-14,162.52669012400435
2005-02-15,162.39066583758927
2005-02-16,161.56438884041674
2005-02-17,162.8154360205975
2005-02-18,163.46580094808814
2005-02-19,163.44791276631403
2005-02-20,163.43002654205668
2005-02-21,163.23900103665974
2005-02-22,163.65760946897169
2005-02-23,164.5008675000013
2005-02-24,163.76628639623226
2005-02-25,163.47218814114706
2005-02-26,163.4542992604177
2005-02-27,163.43641233728164
2005-02-28,164.581337645315
2005-03-01,164.18412174295685
2005-03-02,164.01949052599008
2005-03-03,162.24307155546703
2005-03-04,162.5956084993314
2005-03-05,162.53286338582222
2005-03-06,162.4701424854471
2005-03-07,161.77690420438492
2005-03-08,161.55858415016405
2005-03-09,161.77277128506267
2005-03-10,161.1845478966337
2005-03-11,160.95880416576085
2005-03-12,160.89669068969036
2005-03-13,160.83460118300718
2005-03-14,159.09706717215292
2005-03-15,158.60957162992258
2005-03-16,159.54836384582242
2005-03-17,159.43990077333063
2005-03-18,159.66053316638644
2005-03-19,159.59892068884835
2005-03-20,159.5373319873638
2005-03-21,158.7388848094229
2005-03-22,158.90113653193256
2005-03-23,157.41521393399864
2005-03-24,157.35446791780842
2005-03-25,157.29374534330717
2005-03-26,157.23304620144881
2005-03-27,157.1723704831907
2005-03-28,157.27768987534577
2005-03-29,157.86304788871962
2005-03-30,158.56725679782596
2005-03-31,158.60389484732264
2005-04-01,158.68531994479343
2005-04-02,158.68939760940205
2005-04-03,158.69347537879258
2005-04-04,158.2240510345018
2005-04-05,158.74789396346867
2005-04-06,158.95507426697623
2005-04-07,158.25960261709798
2005-04-08,159.1072053957005
2005-04-09,159.11129390130802
2005-04-10,159.11538251197598
2005-04-11,159.3593727313788
2005-04-12,158.5885471441852
2005-04-13,158.91958015382195
2005-04-14,158.68719117016542
2005-04-15,159.05253394035546
2005-04-16,159.05662104109538
2005-04-17,159.06070824685966
2005-04-18,159.25054782952375
2005-04-19,160.19801033631546
2005-04-20,160.4901605315217
2005-04-21,160.86004403985902
2005-04-22,161.1192985942627
2005-04-23,161.12343880371546
2005-04-24,161.12757911955725
2005-04-25,161.2518512411655
2005-04-26,160.64864645457357
2005-04-27,161.08824927247758
2005-04-28,160.64143615645858
2005-04-29,161.29763208873774
2005-04-30,161.3017768807453
2005-05-01,161.28469125335948
2005-05-02,160.9350802319592
2005-05-03,161.1680446468853
2005-05-04,162.2495034516881
2005-05-05,162.01522569051957
2005-05-06,162.13502947774532
2005-05-07,162.11780211990148
2005-05-08,162.10057659251865
2005-05-09,162.1161027731263
2005-05-10,161.78976657606927
2005-05-11,161.2000840064397
2005-05-12,161.28991784427376
2005-05-13,160.7819831144983
2005-05-14,160.7648995220946
2005-05-15,160.74781774487641
2005-05-16,160.06129438670578
2005-05-17,159.97656950531763
2005-05-18,160.68800299449134
2005-05-19,160.70874686053088
2005-05-20,160.44997630363738
2005-05-21,160.4329279880036
2005-05-22,160.41588148380708
2005-05-23,160.88687325210503
2005-05-24,160.81755844809734
2005-05-25,160.80047107570235
2005-05-26,160.96302302850367
2005-05-27,161.67942606914033
2005-05-28,161.6622471205944
2005-05-29,161.64506999736594
2005-05-30,161.57127047248588
2005-05-31,160.2552115475347
2005-06-01,159.60347523426105
2005-06-02,160.10915442415964
2005-06-03,160.24135184774332
2005-06-04,160.19510179088655
2005-06-05,160.148865083067
2005-06-06,159.23663097057718
2005-06-07,159.3142499506418
2005-06-08,159.42524750429635
2005-06-09,158.19825174520622
2005-06-10,158.33579537835308
2005-06-11,158.29009531744956
2005-06-12,158.24440844683926
2005-06-13,157.81387453258088
2005-06-14,156.93808351540778
2005-06-15,157.94763990690782
2005-06-16,158.29809129442808
2005-06-17,159.38032520692133
2005-06-18,159.3343236660103
2005-06-19,159.28833540240788
2005-06-20,159.24236041228193
2005-06-21,159.01426219097866
2005-06-22,158.58514332140814
2005-06-23,158.24100281785425
2005-06-24,158.8936871833499
2005-06-25,158.84782609954308
2005-06-26,158.80197825250514
2005-06-27,159.6599826073148
2005-06-28,159.8382058569649
2005-06-29,160.32902460471374
2005-06-30,159.90864833290098
2005-07-01,159.16774827308794
2005-07-02,159.13883266554956
2005-07-03,159.10992231103737
2005-07-04,159.01900968968064
2005-07-05,158.45030024442693
2005-07-06,157.73346346669163
2005-07-07,157.74582948127707
2005-07-08,157.46421567018518
2005-07-09,157.43560953916267
2005-07-10,157.40700860494454
2005-07-11,158.35344718965365
2005-07-12,159.4253139722116
2005-07-13,158.3668786992
2005-07-14,158.32869282814553
2005-07-15,158.0929999462294
2005-07-16,158.06427958553695
2005-07-17,158.0355644424007
2005-07-18,158.5913579097366
2005-07-19,157.9126870724838
2005-07-20,157.82938141918783
2005-07-21,158.8450054195331
2005-07-22,157.61683350790614
2005-07-23,157.588199651182
2005-07-24,157.55957099629913
2005-07-25,156.02087517368514
2005-07-26,155.73694345754575
2005-07-27,156.0568792778931
2005-07-28,156.9948588987776
2005-07-29,157.44247882876692
2005-07-30,157.41387664662207
2005-07-31,157.38527966056435
2005-08-01,157.81203252291328
2005-08-02,158.18443390894748
2005-08-03,159.75479586880545
2005-08-04,160.4420969825382
2005-08-05,160.24691046551922
2005-08-06,160.24051669948506
2005-08-07,160.23412318855878
2005-08-08,160.06371946120052
2005-08-09,160.71241745381562
2005-08-10,161.73480073118117
2005-08-11,160.45772815226485
2005-08-12,160.42722615888673
2005-08-13,160.42082519835284
2005-08-14,160.4144244932139
2005-08-15,160.40802404345962
2005-08-16,160.86358070438868
2005-08-17,160.74033870668555
2005-08-18,159.87140352621083
2005-08-19,158.96186373160833
2005-08-20,158.95552123825172
2005-08-21,158.94917899795718
2005-08-22,160.14338328644854
2005-08-23,159.65624828939914
2005-08-24,159.22598001349826
2005-08-25,160.10270496750454
2005-08-26,159.8193750909673
2005-08-27,159.81299838336597
2005-08-28,159.80662193019194
2005-08-29,160.3960788784166
2005-08-30,160.52583289480737
2005-08-31,161.4542518526661
2005-09-01,161.9243372988122
2005-09-02,162.84073278593536
2005-09-03,162.80173754650068
2005-09-04,162.76275164520072
2005-09-05,162.5637795649955
2005-09-06,162.50134605833964
2005-09-07,162.09051657591374
2005-09-08,162.09429543857203
2005-09-09,162.81255219555314
2005-09-10,162.77356370448447
2005-09-11,162.73458454993445
2005-09-12,162.25031663706196
2005-09-13,162.0538543589329
2005-09-14,161.88023170954182
2005-09-15,162.40854058601943
2005-09-16,162.24491066526463
2005-09-17,162.20605810650858
2005-09-18,162.16721485171962
2005-09-19,161.8619125920439
2005-09-20,162.03953063967717
2005-09-21,162.71068309376236
2005-09-22,162.11926980193198
2005-09-23,161.93253990524462
2005-09-24,161.89376214947166
2005-09-25,161.8549936797528
2005-09-26,162.12497508435064
2005-09-27,161.8796974715409
2005-09-28,162.52167352582185
2005-09-29,163.19162406284423
2005-09-30,162.7003878728695
2005-10-01,162.6777210345877
2005-10-02,162.65506817391127
2005-10-03,162.2087471098775
2005-10-04,161.87053447969438
2005-10-05,162.00786160810802
2005-10-06,162.58723468741272
2005-10-07,163.6114991926152
2005-10-08,163.58871630339902
2005-10-09,163.5659365866985
2005-10-10,163.54316004207186
2005-10-11,164.28852526878975
2005-10-12,164.69088509978488
2005-10-13,165.02359901574292
2005-10-14,165.3821216996565
2005-10-15,165.35909225138656
2005-10-16,165.33606600996563
2005-10-17,165.1156244889131
2005-10-18,164.74607746259736
2005-10-19,164.74393854982705
2005-10-20,165.29558281056137
2005-10-21,164.56271585660744
2005-10-22,164.53980051054086
2005-10-23,164.51688835543447
2005-10-24,164.549093007577
2005-10-25,165.41837739320795
2005-10-26,165.42812564865295
2005-10-27,166.40000399832923
2005-10-28,166.6852266917747
2005-10-29,166.6620157862306
2005-10-30,166.6388081128034
2005-10-31,166.02123381746568
2005-11-01,165.64831004829318
2005-11-02,165.46722568355253
2005-11-03,165.4623281266666
2005-11-04,165.13593217654164
2005-11-05,165.07473582761642
2005-11-06,165.01356215693608
2005-11-07,164.6693453794009
2005-11-08,164.25822992726265
2005-11-09,164.95444404852788
2005-11-10,165.18338695167472
2005-11-11,164.96567306514288
2005-11-12,164.90453981112282
2005-11-13,164.84342921196594
2005-11-14,163.3589457904813
2005-11-15,162.84783962621924
2005-11-16,162.82228290601765
2005-11-17,162.64573630760398
2005-11-18,161.59196740777685
2005-11-19,161.53208438722123
2005-11-20,161.47222355821512
2005-11-21,161.38466655376072
2005-11-22,161.01201143110154
2005-11-23,161.64999232117657
2005-11-24,161.93065915285973
2005-11-25,162.58515860970354
2005-11-26,162.52490753069725
2005-11-27,162.4646787796362
2005-11-28,164.61664941294558
2005-11-29,164.01175691774904
2005-11-30,163.36652525184059
2005-12-01,163.29931043467042
2005-12-02,163.68950327786217
2005-12-03,163.6450760712779
2005-12-04,163.60066092274653
2005-12-05,165.47853826740868
2005-12-06,165.63281449150688
2005-12-07,164.36551394880271
2005-12-08,164.32090326517726
2005-12-09,164.32834455697872
2005-12-10,164.28374396155206
2005-12-11,164.239155471238
2005-12-12,164.67854162848346
2005-12-13,163.80488842824897
2005-12-14,163.34335027829934
2005-12-15,163.55415472313433
2005-12-16,163.92288551609778
2005-12-17,163.87839496690015
2005-12-18,163.83391649294737
2005-12-19,162.27605707692308
2005-12-20,162.84194099041792
2005-12-21,163.55889745282653
2005-12-22,162.66084156801074
2005-12-23,162.9975661429595
2005-12-24,162.95332673604116
2005-12-25,162.90909933620475
2005-12-26,162.62814023642454
2005-12-27,162.07434571255587
2005-12-28,162.72050337946072
2005-12-29,162.66533039234216
2005-12-30,162.51113687070415
2005-12-31,162.46702948626336
2006-01-01,162.42267431892947
2006-01-02,162.27562055619748
2006-01-03,162.94266086693523
2006-01-04,164.67209777035632
2006-01-05,165.08012077318782
2006-01-06,165.92420846423738
2006-01-07,165.87890945154265
2006-01-08,165.83362280594352
2006-01-09,166.54143609260066
2006-01-10,166.0325356794675
2006-01-11,165.2768152137783
2006-01-12,164.67872178930477
2006-01-13,164.59529194987553
2006-01-14,164.55035574503512
2006-01-15,164.50543180824008
2006-01-16,164.45283031639062
2006-01-17,163.6020946631155
2006-01-18,163.2967530219409
2006-01-19,162.97351404781523
2006-01-20,163.9679192182689
2006-01-21,163.92315429262635
2006-01-22,163.87840158826816
2006-01-23,165.0430594172469
2006-01-24,165.40962262931947
2006-01-25,165.83118019536482
2006-01-26,166.39508620077146
2006-01-27,166.49201340764307
2006-01-28,166.4465593783683
2006-01-29,166.40111775851022
2006-01-30,166.58394550364233
2006-01-31,167.11130716799144
2006-02-01,166.49927406171093
2006-02-02,166.42279071339362
2006-02-03,166.38467059653715
2006-02-04,166.3860989238151
2006-02-05,166.38752726335443
2006-02-06,167.19119116029802
2006-02-07,167.19605542624944
2006-02-08,167.03522888017864
2006-02-09,167.3095937339064
2006-02-10,167.55435334272357
2006-02-11,167.55579171112953
2006-02-12,167.55723009188307
2006-02-13,167.68185193048592
2006-02-14,168.12787364101166
2006-02-15,168.17312821948775
2006-02-16,168.61717080570145
2006-02-17,168.3662438799734
2006-02-18,168.36768921804423
2006-02-19,168.36913456852255
2006-02-20,168.27268332100752
2006-02-21,168.64911979326104
2006-02-22,168.62871099686353
2006-02-23,168.48929330619683
2006-02-24,168.71307709294524
2006-02-25,168.71452540840176
2006-02-26,168.71597373629132
2006-02-27,168.25623435265004
2006-02-28,169.29424472361353
2006-03-01,168.9946212146807
2006-03-02,169.13218646712087
2006-03-03,169.33721515899165
2006-03-04,169.28301044441656
2006-03-05,169.2288230807296
2006-03-06,168.97695795744025
2006-03-07,167.06710344138614
2006-03-08,166.7657845064691
2006-03-09,167.2524323312506
2006-03-10,167.91879051609243
2006-03-11,167.86503983817335
2006-03-12,167.8113063658057
2006-03-13,167.85988522995595
2006-03-14,168.43669614030284
2006-03-15,168.32255929008667
2006-03-16,169.42107997693586
2006-03-17,168.8447429363807
2006-03-18,168.7906958617918
2006-03-19,168.73666608763065
2006-03-20,167.78029309793757
2006-03-21,167.02123145543038
2006-03-22,167.12820051547322
2006-03-23,166.78832825567784
2006-03-24,166.73493943787383
2006-03-25,166.68156770979004
2006-03-26,166.6282130659561
2006-03-27,165.9913785950047
2006-03-28,165.41592189544252
2006-03-29,165.1749831330269
2006-03-30,166.05323699767658
2006-03-31,166.78895495210466
2006-04-01,166.75821950890264
2006-04-02,166.72748972954966
2006-04-03,167.54272739876328
2006-04-04,168.3366030900866
2006-04-05,168.20895493505566
2006-04-06,167.84173929897437
2006-04-07,166.87549514837335
2006-04-08,166.84474375776466
2006-04-09,166.81399803394385
2006-04-10,166.99741910191779
2006-04-11,166.96399017749403
2006-04-12,167.0273285828971
2006-04-13,166.9965492128104
2006-04-14,166.9657755146675
2006-04-15,166.93500748742318
2006-04-16,166.90424513003245
2006-04-17,167.74111579434475
2006-04-18,167.68605081414574
2006-04-19,168.1667245945786
2006-04-20,166.86876705430942
2006-04-21,167.14660554948745
2006-04-22,167.11580419934558
2006-04-23,167.0850085251979
2006-04-24,166.84650829878
2006-04-25,166.14227655866475
2006-04-26,166.23187702414185
2006-04-27,167.08824966109088
2006-04-28,168.338958059459
2006-04-29,168.30793698563787
2006-04-30,168.27692162830104
2006-05-01,168.2638517904731
2006-05-02,168.8121220299623
2006-05-03,168.46483656712817
2006-05-04,168.8545781835394
2006-05-05,169.22268560075858
2006-05-06,169.20953149774542
2006-05-07,169.19637841723366
2006-05-08,168.77722525143955
2006-05-09,169.05930520262407
2006-05-10,169.4508783539717
2006-05-11,168.40252272238442
2006-05-12,166.98645759368623
2006-05-13,166.97347731827463
2006-05-14,166.96049805185237
2006-05-15,165.92970600586722
2006-05-16,167.17477191322007
2006-05-17,165.65033752015296
2006-05-18,166.5604975930881
2006-05-19,165.75128109441
2006-05-20,165.73839683236005
2006-05-21,165.72551357183607
2006-05-22,163.92733552391917
2006-05-23,165.01802095764452
2006-05-24,161.95917213444088
2006-05-25,161.9465826425142
2006-05-26,164.3854222736978
2006-05-27,164.3726441832735
2006-05-28,164.3598670861222
2006-05-29,165.45245536131716
2006-05-30,163.90917353820237
2006-05-31,164.0761759283893
2006-06-01,165.18924443172023
2006-06-02,165.25196529736488
2006-06-03,165.22849771811912
2006-06-04,165.20503347152533
2006-06-05,165.39712559608995
2006-06-06,164.9653639088194
2006-06-07,165.22795047566711
2006-06-08,163.87203847981888
2006-06-09,164.06175155449455
2006-06-10,164.0384529985659
2006-06-11,164.01515775128598
2006-06-12,163.32441660468822
2006-06-13,162.48809231269297
2006-06-14,163.17342955218572
2006-06-15,163.76784471151845
2006-06-16,164.0337582686993
2006-06-17,164.01046368812217
2006-06-18,163.9871724156293
2006-06-19,163.96388445075075
2006-06-20,163.68745860683117
2006-06-21,164.1886530518419
2006-06-22,163.754185870717
2006-06-23,163.90563620575128
2006-06-24,163.8823598199028
2006-06-25,163.8590867395547
2006-06-26,164.50992947130862
2006-06-27,164.47988030234092
2006-06-28,164.45958694628203
2006-06-29,164.9449556349787
2006-06-30,167.01138718500042
2006-07-01,166.99469533120768
2006-07-02,166.9779757815608
2006-07-03,167.2740347089453
2006-07-04,167.27005326619877
2006-07-05,165.8537519356351
2006-07-06,166.5833514616848
2006-07-07,166.72346740634666
2006-07-08,166.70677501210577
2006-07-09,166.69008428911158
2006-07-10,166.5162427626853
2006-07-11,166.30676209791633
2006-07-12,165.52300959667164
2006-07-13,165.13218284224348
2006-07-14,164.99700428591854
2006-07-15,164.9804847455867
2006-07-16,164.96396685919515
2006-07-17,164.28296149477757
2006-07-18,164.49248588353012
2006-07-19,165.32375863325566
2006-07-20,165.4288910197495
2006-07-21,165.17196898644892
2006-07-22,165.15543192860844
2006-07-23,165.1388965264623
2006-07-24,165.10349051131564
2006-07-25,164.49257784469773
2006-07-26,164.85036918968356
2006-07-27,165.15647341114305
2006-07-28,165.79666446698315
2006-07-29,165.7800648644788
2006-07-30,165.76346692393068
2006-07-31,165.53568135905383
2006-08-01,165.19425558216415
2006-08-02,165.44236866088576
2006-08-03,165.33847196714672
2006-08-04,165.6450247726378
2006-08-05,165.62887688456618
2006-08-06,165.61273057066978
2006-08-07,165.5532080335438
2006-08-08,165.34627113982225
2006-08-09,165.6685828346898
2006-08-10,165.40652203904008
2006-08-11,165.50922531440034
2006-08-12,165.49309066472483
2006-08-13,165.47695758793398
2006-08-14,165.7367905667577
2006-08-15,166.51842287990044
2006-08-16,166.8975297980382
2006-08-17,167.25903977902968
2006-08-18,166.86052751406677
2006-08-19,166.84426113283638
2006-08-20,166.82799633733245
2006-08-21,166.81173312740052
2006-08-22,164.67213694667626
2006-08-23,167.05489379590315
2006-08-24,166.7084889931414
2006-08-25,166.79448912000512
2006-08-26,166.77822917652074
2006-08-27,166.7619708181353
2006-08-28,167.4007384995274
2006-08-29,167.46787120503197
2006-08-30,167.7470792572238
2006-08-31,167.3485711032546
2006-09-01,167.5366395711496
2006-09-02,167.48425406433964
2006-09-03,167.43188493747695
2006-09-04,167.28875054854217
2006-09-05,167.71373312784326
2006-09-06,167.22380371600948
2006-09-07,166.71791709343114
2006-09-08,166.3856197912757
2006-09-09,166.33359418636346
2006-09-10,166.28158484886401
2006-09-11,165.78029409420407
2006-09-12,165.97745927848868
2006-09-13,166.27674918500048
2006-09-14,166.33355774583052
2006-09-15,165.97543303624676
2006-09-16,165.92353568889718
2006-09-17,165.8716545688567
2006-09-18,166.1015045117717
2006-09-19,165.6255070316019
2006-09-20,165.504806471869
2006-09-21,164.7659478165619
2006-09-22,164.48138783137202
2006-09-23,164.42995764341785
2006-09-24,164.37854353670102
2006-09-25,164.01847438899168
2006-09-26,164.71663737276535
2006-09-27,164.98312221453224
2006-09-28,165.13990806429305
2006-09-29,165.1845604903719
2006-09-30,165.1329104337597
2006-10-01,165.08887061064416
2006-10-02,165.50593966827606
2006-10-03,165.2639815912075
2006-10-04,165.2668607122588
2006-10-05,165.09842441110905
2006-10-06,164.81129069633
2006-10-07,164.76741259440755
2006-10-08,164.72354617425657
2006-10-09,164.669083036254
2006-10-10,164.83930292865037
2006-10-11,164.64922852320421
2006-10-12,164.81795316814433
2006-10-13,165.0160053697313
2006-10-14,164.97207276613446
2006-10-15,164.92815185881915
2006-10-16,164.88424264467147
2006-10-17,164.95981888239507
2006-10-18,164.4089510961497
2006-10-19,164.5189209254868
2006-10-20,164.48183651843286
2006-10-21,164.4380461278798
2006-10-22,164.3942673957466
2006-10-23,164.1185174220706
2006-10-24,164.08078673171386
2006-10-25,164.16016092758062
2006-10-26,164.7574833876584
2006-10-27,165.06160557091096
2006-10-28,165.0176608270641
2006-10-29,164.97372778273098
2006-10-30,164.62937964548698
2006-10-31,164.60113868769108
2006-11-01,164.44604604364798
2006-11-02,164.0820347173279
2006-11-03,163.91442858949216
2006-11-04,163.8856304525953
2006-11-05,163.85683737524502
2006-11-06,163.82804935655244
2006-11-07,163.97767899125986
2006-11-08,163.10966993455625
2006-11-09,163.34740086533827
2006-11-10,163.12703660629637
2006-11-11,163.09837680634956
2006-11-12,163.06972204164498
2006-11-13,162.78352570259048
2006-11-14,162.87888139170275
2006-11-15,162.7681889956998
2006-11-16,162.67435581554724
2006-11-17,162.75596900596196
2006-11-18,162.72737439890662
2006-11-19,162.6987848156397
2006-11-20,162.61210265460795
2006-11-21,162.69051329035605
2006-11-22,162.67276167318292
2006-11-23,162.54143286878323
2006-11-24,163.10392558622993
2006-11-25,163.07526984665978
2006-11-26,163.04661914161844
2006-11-27,162.64119283619505
2006-11-28,162.75222764033376
2006-11-29,162.97245510208413
2006-11-30,163.40116435544022
2006-12-01,163.0926327145083
2006-12-02,163.07107009050057
2006-12-03,163.04951031730678
2006-12-04,163.00976127104983
2006-12-05,163.14543959213157
2006-12-06,163.3249718767346
2006-12-07,163.3816197618689
2006-12-08,163.3600189306231
2006-12-09,163.3384209552426
2006-12-10,163.31682583535002
2006-12-11,163.39198070479358
2006-12-12,162.56416524841316
2006-12-13,162.69366812514966
2006-12-14,162.8161389022721
2006-12-15,162.3618442995675
2006-12-16,162.34037829375495
2006-12-17,162.31891512598233
2006-12-18,162.23745525614973
2006-12-19,162.2872487620951
2006-12-20,162.01966248258293
2006-12-21,161.4910974593709
2006-12-22,162.30045962097492
2006-12-23,162.27900173088605
2006-12-24,162.25754667776414
2006-12-25,162.23609446123422
2006-12-26,162.8208311708533
2006-12-27,163.095515233016
2006-12-28,163.25657724177086
2006-12-29,162.7928270149648
2006-12-30,162.77130402853882
2006-12-31,162.74978388768636
2007-01-01,162.70275136560218
2007-01-02,162.7720499136392
2007-01-03,162.09550434757097
2007-01-04,162.3590620838278
2007-01-05,162.0842696216293
2007-01-06,162.03742942431302
2007-01-07,161.99060276319065
2007-01-08,162.01620689614677
2007-01-09,162.0890672048962
2007-01-10,161.73810163835714
2007-01-11,161.8235263579339
2007-01-12,161.99380434120926
2007-01-13,161.94699028715536
2007-01-14,161.90018976174025
2007-01-15,161.75910644985288
2007-01-16,161.663457352951
2007-01-17,161.94512930015324
2007-01-18,162.09104140247933
2007-01-19,162.4123027122421
2007-01-20,162.36536771772737
2007-01-21,162.31844628680147
2007-01-22,162.60795292064762
2007-01-23,162.88865130351496
2007-01-24,162.67263878105663
2007-01-25,162.6266570516917
2007-01-26,162.68296759645608
2007-01-27,162.63595438339107
2007-01-28,162.5889547565191
2007-01-29,162.69836330595118
2007-01-30,162.78231581760866
2007-01-31,163.0806418552255
2007-02-01,163.44667315248782
2007-02-02,162.98751881595282
2007-02-03,162.9792427936114
2007-02-04,162.97096719150184
2007-02-05,163.4186756207567
2007-02-06,163.7112241423648
2007-02-07,163.728687839838
2007-02-08,163.80664799181403
2007-02-09,163.41528753869065
2007-02-10,163.40698979552343
2007-02-11,163.39869247369094
2007-02-12,162.77436684041447
2007-02-13,163.23644166980708
2007-02-14,163.77352671649393
2007-02-15,163.94726632407713
2007-02-16,164.24570680582028
2007-02-17,164.23736689642794
2007-02-18,164.2290274105114
2007-02-19,164.10594009454834
2007-02-20,164.15601702541423
2007-02-21,164.5062563587236
2007-02-22,164.50712274123842
2007-02-23,164.2579679614251
2007-02-24,164.24962742944766
2007-02-25,164.24128732097768
2007-02-26,164.31822723968807
2007-02-27,163.719934549413
2007-02-28,163.32701648416156
2007-03-01,162.94767319418557
2007-03-02,162.75235939179177
2007-03-03,162.7109058544348
2007-03-04,162.66915535033107
2007-03-05,162.28396351483175
2007-03-06,162.92974621743332
2007-03-07,163.2499192297949
2007-03-08,163.33112014811667
2007-03-09,163.61616051205903
2007-03-10,163.5741777258099
2007-03-11,163.53220571205617
2007-03-12,163.71323758847734
2007-03-13,163.32080320146687
2007-03-14,163.08418349839522
2007-03-15,163.47672312510585
2007-03-16,163.81618901068376
2007-03-17,163.7741548984918
2007-03-18,163.73213157196508
2007-03-19,163.92380929465867
2007-03-20,164.0473091419086
2007-03-21,164.29720911415677
2007-03-22,164.55389665255709
2007-03-23,164.39429249340645
2007-03-24,164.35211004381998
2007-03-25,164.30993841796115
2007-03-26,164.62000495119432
2007-03-27,164.64469443257343
2007-03-28,164.26129250924652
2007-03-29,164.58793644140792
2007-03-30,164.4447723551134
2007-03-31,164.40257695274016
2007-04-01,164.3005990371817
2007-04-02,164.1986843779022
2007-04-03,164.70903039924494
2007-04-04,164.79407676870133
2007-04-05,164.69185600819537
2007-04-06,164.58969865460358
2007-04-07,164.48760466859497
2007-04-08,164.38557401086317
2007-04-09,164.34999243586566
2007-04-10,164.19591381065365
2007-04-11,163.75545299868793
2007-04-12,163.48606330390209
2007-04-13,164.2369717752311
2007-04-14,164.13509658355403
2007-04-15,164.0332845844368
2007-04-16,163.42174239185775
2007-04-17,163.26964507328663
2007-04-18,163.27815549110235
2007-04-19,163.61575479458122
2007-04-20,163.6347510386887
2007-04-21,163.5332494008607
2007-04-22,163.43181072387944
2007-04-23,162.86055882872822
2007-04-24,162.82050701930388
2007-04-25,163.39311690115727
2007-04-26,163.19454007913575
2007-04-27,163.15033214607166
2007-04-28,163.04913099032757
2007-04-29,162.94799260904304
2007-04-30,162.9190339367879
2007-05-01,162.8296306006401
2007-05-02,162.45500375608134
2007-05-03,162.35640480760657
2007-05-04,162.21588839561628
2007-05-05,162.12692006909123
2007-05-06,162.03800053780571
2007-05-07,162.01981683715272
2007-05-08,161.80751284336895
2007-05-09,161.87422721136926
2007-05-10,161.44392233535385
2007-05-11,161.65139991245564
2007-05-12,161.5627411831975
2007-05-13,161.47413107937828
2007-05-14,161.4384482000981
2007-05-15,162.1737589082842
2007-05-16,162.5163007485549
2007-05-17,162.5134408840362
2007-05-18,162.54788410393402
2007-05-19,162.45873369227007
2007-05-20,162.36963217571133
2007-05-21,162.45190276016166
2007-05-22,162.58261465312992
2007-05-23,162.57749923794768
2007-05-24,161.98175837051573
2007-05-25,161.89291845407882
2007-05-26,161.80412726245413
2007-05-27,161.71538476891817
2007-05-28,161.5749372751108
2007-05-29,161.87967516978807
2007-05-30,161.5994650244448
2007-05-31,162.1553039807035
2007-06-01,162.4690492124597
2007-06-02,162.3430798207018
2007-06-03,162.21720809854767
2007-06-04,161.65866312077566
2007-06-05,161.27775492194226
2007-06-06,160.2108511658772
2007-06-07,159.77777465409375
2007-06-08,159.56350894383658
2007-06-09,159.43979234510073
2007-06-10,159.31617166927927
2007-06-11,159.823786951237
2007-06-12,159.69588206836158
2007-06-13,159.10275837619906
2007-06-14,159.50184480231866
2007-06-15,160.5715885819008
2007-06-16,160.44709037473274
2007-06-17,160.32268869649434
2007-06-18,160.19838347234253
2007-06-19,160.3151848408101
2007-06-20,159.69996091401995
2007-06-21,159.99072522282617
2007-06-22,159.25641510879115
2007-06-23,159.13293661339745
2007-06-24,159.00955385630613
2007-06-25,159.15677217772722
2007-06-26,158.6843777298231
2007-06-27,158.63765716246158
2007-06-28,159.38198268624683
2007-06-29,159.44363665360294
2007-06-30,159.3200129971202
2007-07-01,159.21081055140021
2007-07-02,159.70163732563017
2007-07-03,159.70172879455828
2007-07-04,159.64981891983024
2007-07-05,159.99249299408348
2007-07-06,160.58122793825018
2007-07-07,160.47153175627122
2007-07-08,160.36191050990266
2007-07-09,160.25236414795455
2007-07-10,160.5665789687625
2007-07-11,160.76251026653512
2007-07-12,161.0775250327514
2007-07-13,161.28084863240514
2007-07-14,161.17067452582708
2007-07-15,161.06057568133906
2007-07-16,160.91676161035994
2007-07-17,161.06507548551903
2007-07-18,161.2358768947704
2007-07-19,161.34992971088792
2007-07-20,161.91962138248962
2007-07-21,161.80901091773484
2007-07-22,161.69847601315496
2007-07-23,162.26919074763276
2007-07-24,163.60169863463722
2007-07-25,163.63670056795968
2007-07-26,159.96614408480946
2007-07-27,159.18223153984923
2007-07-28,159.07349103971094
2007-07-29,158.9648248223382
2007-07-30,159.8101603810394
2007-07-31,159.6792291174922
2007-08-01,159.68272518510136
2007-08-02,160.37981301263858
2007-08-03,160.40135123839895
2007-08-04,160.2614370459971
2007-08-05,160.12164489733794
2007-08-06,159.06794057436164
2007-08-07,159.15222136710761
2007-08-08,159.1586413954681
2007-08-09,158.2291141273528
2007-08-10,157.83599941608168
2007-08-11,157.69832291759997
2007-08-12,157.56076651097507
2007-08-13,156.94552353321797
2007-08-14,155.44905537416417
2007-08-15,155.04833896543687
2007-08-16,151.71245673474894
2007-08-17,154.49679231269982
2007-08-18,154.36202852325403
2007-08-19,154.22738228497988
2007-08-20,154.0928534953403
2007-08-21,153.810934711005
2007-08-22,154.55518751195928
2007-08-23,155.5083644825032
2007-08-24,156.46665846883135
2007-08-25,156.33017641311014
2007-08-26,156.19381340736234
2007-08-27,156.029283897253
2007-08-28,154.5537524708261
2007-08-29,155.13709914327876
2007-08-30,154.47494545679714
2007-08-31,154.49693699564673
2007-09-01,154.40097264380418
2007-09-02,154.3050678993364
2007-09-03,154.49793505453783
2007-09-04,154.90776949749025
2007-09-05,154.4307593390239
2007-09-06,154.9319564134948
2007-09-07,154.67609816416189
2007-09-08,154.58002252800688
2007-09-09,154.48400656834986
2007-09-10,154.5859850205396
2007-09-11,154.93120810329083
2007-09-12,155.06581701483455
2007-09-13,154.8979637181928
2007-09-14,155.01783255652617
2007-09-15,154.9215446551956
2007-09-16,154.82531656220948
2007-09-17,153.97004347775
2007-09-18,154.55771094020236
2007-09-19,155.44481632201152
2007-09-20,155.9015726716118
2007-09-21,156.36514041376557
2007-09-22,156.26801564454763
2007-09-23,156.1709512034871
2007-09-24,156.06961067275282
2007-09-25,156.45747753379456
2007-09-26,156.51954052519446
2007-09-27,156.9143823037872
2007-09-28,157.52492573766136
2007-09-29,157.42708057845357
2007-09-30,157.3292961948667
2007-10-01,157.5636010665573
2007-10-02,157.13383692112174
2007-10-03,156.69685954433947
2007-10-04,157.37486205413524
2007-10-05,158.06922465755076
2007-10-06,158.01013086353836
2007-10-07,157.95105916159667
2007-10-08,158.04527601466512
2007-10-09,158.23698484295772
2007-10-10,157.95994377751873
2007-10-11,158.57409581631433
2007-10-12,158.11852212109505
2007-10-13,158.05940989734617
2007-10-14,158.0003197725579
2007-10-15,157.94125173846862
2007-10-16,157.55379437476506
2007-10-17,157.3379160413487
2007-10-18,158.73810373735057
2007-10-19,158.29516340510642
2007-10-20,158.23598514444447
2007-10-21,158.17682900743085
2007-10-22,157.50077273163262
2007-10-23,158.59909326349867
2007-10-24,158.49729941350213
2007-10-25,159.19600549978952
2007-10-26,159.74044033451085
2007-10-27,159.68072176059468
2007-10-28,159.62102551232172
2007-10-29,159.59479825521066
2007-10-30,159.18248166616223
2007-10-31,159.43797619872947
2007-11-01,158.57956397564575
2007-11-02,158.71032858497398
2007-11-03,158.75453673102245
2007-11-04,158.7987571910784
2007-11-05,158.7830325647112
2007-11-06,158.82726096217107
2007-11-07,159.33215839938475
2007-11-08,159.5069121442009
2007-11-09,159.37684367305062
2007-11-10,159.42123747428997
2007-11-11,159.46564364125047
2007-11-12,159.65728337487275
2007-11-13,158.91104952797656
2007-11-14,159.8455889550874
2007-11-15,159.05105104468407
2007-11-16,159.63633937495695
2007-11-17,159.68080545771696
2007-11-18,159.72528392633177
2007-11-19,158.9378293961566
2007-11-20,159.54028964034313
2007-11-21,159.53153456187678
2007-11-22,159.66870139846424
2007-11-23,159.07949066320865
2007-11-24,159.12380163792116
2007-11-25,159.16812495528382
2007-11-26,158.5615812546204
2007-11-27,158.52916657513993
2007-11-28,159.77172087897372
2007-11-29,159.6033174486672
2007-11-30,159.412938312645
2007-12-01,159.39549816758256
2007-12-02,159.378135460211
2007-12-03,159.07501470867683
2007-12-04,158.71983262605954
2007-12-05,158.73582891122203
2007-12-06,159.4613453005491
2007-12-07,160.1413114058866
2007-12-08,160.12386745822184
2007-12-09,160.10642541069953
2007-12-10,160.2168724818321
2007-12-11,160.43572385411738
2007-12-12,159.80888887003573
2007-12-13,159.54885819612588
2007-12-14,158.54164075834512
2007-12-15,158.52437106035285
2007-12-16,158.5071032435223
2007-12-17,157.67670261306856
2007-12-18,157.58750603323733
2007-12-19,157.60384994078046
2007-12-20,157.63384719281953
2007-12-21,158.3398946655981
2007-12-22,158.32264694349857
2007-12-23,158.30540110016693
2007-12-24,158.28815713539862
2007-12-25,158.27091504898888
2007-12-26,159.43682541872118
2007-12-27,160.44858406443444
2007-12-28,160.08756944625637
2007-12-29,160.070131352621
2007-12-30,160.05269515849037
2007-12-31,159.57013951265176
2008-01-01,159.48741086199757
2008-01-02,159.9499380562422
2008-01-03,160.4146270574345
2008-01-04,160.22376292347263
2008-01-05,160.14069540376076
2008-01-06,160.0576709501504
2008-01-07,159.15746393336815
2008-01-08,159.3392549216668
2008-01-09,158.60482311523174
2008-01-10,159.05141560652004
2008-01-11,159.71701520052926
2008-01-12,159.63421040262403
2008-01-13,159.55144853461303
2008-01-14,160.87209984867502
2008-01-15,160.3764010586264
2008-01-16,159.15155024682457
2008-01-17,159.27501033719656
2008-01-18,158.7075548779466
2008-01-19,158.6252734316574
2008-01-20,158.5430346439323
2008-01-21,158.7415076820736
2008-01-22,158.21741024741934
2008-01-23,157.73270908352245
2008-01-24,159.01051987942589
2008-01-25,158.63331422260535
2008-01-26,158.55107126615678
2008-01-27,158.46887094831737
2008-01-28,158.9811478994495
2008-01-29,159.1615076708198
2008-01-30,159.24475430411758
2008-01-31,159.85205582420733
2008-02-01,160.0143055556619
2008-02-02,159.9376387053799
2008-02-03,159.8610085881007
2008-02-04,160.10036279446342
2008-02-05,159.15622237211795
2008-02-06,159.66447916129982
2008-02-07,158.9315040653413
2008-02-08,158.79900232693234
2008-02-09,158.72291775878045
2008-02-10,158.6468696446454
2008-02-11,158.66993938453243
2008-02-12,159.1606897582125
2008-02-13,158.49650653219607
2008-02-14,158.69597061617918
2008-02-15,158.42311744892626
2008-02-16,158.34721297660747
2008-02-17,158.2713448720171
2008-02-18,158.18804812238213
2008-02-19,158.99755139752853
2008-02-20,158.36189012332486
2008-02-21,159.64031766871162
2008-02-22,159.8471706510818
2008-02-23,159.77058387930697
2008-02-24,159.6940338021672
2008-02-25,159.72222285674616
2008-02-26,160.6062975850132
2008-02-27,161.89617712009215
2008-02-28,161.67589990523854
2008-02-29,161.67357877067892
2008-03-01,161.4849485034878
2008-03-02,161.29653831788306
2008-03-03,161.369159490503
2008-03-04,160.84310461911795
2008-03-05,161.3495836986905
2008-03-06,161.38986518949125
2008-03-07,160.68682059711966
2008-03-08,160.49926175333295
2008-03-09,160.3119218342829
2008-03-10,159.89746756204863
2008-03-11,159.4656706957788
2008-03-12,160.51164682362648
2008-03-13,159.63580960294394
2008-03-14,159.19259879897353
2008-03-15,159.00678405910142
2008-03-16,158.8211862081916
2008-03-17,158.71727550804442
2008-03-18,159.66309612926992
2008-03-19,158.92117559720432
2008-03-20,158.73567767125456
2008-03-21,158.55039626447157
2008-03-22,158.3653311241273
2008-03-23,158.18048199778846
2008-03-24,157.99584863331665
2008-03-25,156.87726369935572
2008-03-26,157.75757538845727
2008-03-27,157.5351702194343
2008-03-28,156.7853335238812
2008-03-29,156.60232862174192
2008-03-30,156.41953732883158
2008-03-31,156.56262072230584
2008-04-01,156.0126979148896
2008-04-02,155.88025036083698
2008-04-03,156.55541819048665
2008-04-04,156.98209904003008
2008-04-05,156.84882850932465
2008-04-06,156.7156711191268
2008-04-07,156.6663445476176
2008-04-08,156.45056753953332
2008-04-09,157.06052129181703
2008-04-10,156.8202195161026
2008-04-11,156.18469600699768
2008-04-12,156.05210243453175
2008-04-13,155.91962142786718
2008-04-14,155.9120428232436
2008-04-15,156.03778147680566
2008-04-16,157.21489127186535
2008-04-17,157.3856893777562
2008-04-18,156.5480346601385
2008-04-19,156.4151326299858
2008-04-20,156.2823434275008
2008-04-21,156.98319395345519
2008-04-22,157.65067030592178
2008-04-23,157.33955348535446
2008-04-24,156.12683384151998
2008-04-25,155.34460562432895
2008-04-26,155.2127252496851
2008-04-27,155.08095683537067
2008-04-28,154.50030587713118
2008-04-29,152.96759583584057
2008-04-30,153.1696545819718
2008-05-01,153.19036295943812
2008-05-02,154.48534487797542
2008-05-03,154.5062137103
2008-05-04,154.52708536171502
2008-05-05,154.44855901405234
2008-05-06,154.77966981282998
2008-05-07,153.8352448886002
2008-05-08,153.29042273400853
2008-05-09,153.57778838846573
2008-05-10,153.59853462246733
2008-05-11,153.61928365899809
2008-05-12,154.70232708247872
2008-05-13,154.13981729283452
2008-05-14,153.81770602528292
2008-05-15,153.7801465141934
2008-05-16,154.0694294774416
2008-05-17,154.09024212535095
2008-05-18,154.1110575847611
2008-05-19,153.90515981851618
2008-05-20,153.59334954780041
2008-05-21,153.6603976866714
2008-05-22,153.45215411150542
2008-05-23,153.45615113260027
2008-05-24,153.47688093509186
2008-05-25,153.49761353789287
2008-05-26,153.90535309967157
2008-05-27,152.69669690115222
2008-05-28,152.13745798165496
2008-05-29,152.16865454235517
2008-05-30,152.40613383931608
2008-05-31,152.4267217990015
2008-06-01,152.34108652313049
2008-06-02,151.34400330321972
2008-06-03,150.29054863946973
2008-06-04,150.39170891114543
2008-06-05,149.99753881006018
2008-06-06,150.63631596250255
2008-06-07,150.55168655945963
2008-06-08,150.4671047022945
2008-06-09,150.02904018501715
2008-06-10,148.94303367554835
2008-06-11,148.88491290737122
2008-06-12,148.1523732014649
2008-06-13,147.2877743205491
2008-06-14,147.20502617089727
2008-06-15,147.122324510211
2008-06-16,147.03966931237224
2008-06-17,148.11320028414403
2008-06-18,148.18706026414588
2008-06-19,148.23030891530232
2008-06-20,148.13125124435516
2008-06-21,148.04802921861247
2008-06-22,147.96485394806504
2008-06-23,146.60447919392055
2008-06-24,146.77724210178746
2008-06-25,146.87185524120076
2008-06-26,147.59401095162866
2008-06-27,147.08824067199012
2008-06-28,147.00560462288627
2008-06-29,146.92301499976847
2008-06-30,147.06455794692152
2008-07-01,146.50532427241188
2008-07-02,147.0335179620594
2008-07-03,146.79876811400834
2008-07-04,146.67270678131348
2008-07-05,146.6343859565512
2008-07-06,146.59607514377853
2008-07-07,146.39105726602736
2008-07-08,145.84553892107303
2008-07-09,145.80743420846497
2008-07-10,146.38933833379932
2008-07-11,146.99599908630873
2008-07-12,146.95759379574477
2008-07-13,146.91919853923855
2008-07-14,147.50386748559282
2008-07-15,147.6493723990068
2008-07-16,147.57856340531183
2008-07-17,147.34368328426265
2008-07-18,147.36914735842976
2008-07-19,147.33064457631565
2008-07-20,147.29215185373067
2008-07-21,147.70945934893336
2008-07-22,147.3126932438543
2008-07-23,146.87810046651774
2008-07-24,146.8621999616395
2008-07-25,147.08392419954416
2008-07-26,147.0454959369977
2008-07-27,147.00707771451079
2008-07-28,147.08637375175192
2008-07-29,146.948349486152
2008-07-30,147.20631361436688
2008-07-31,147.92736168743818
2008-08-01,148.02963093636095
2008-08-02,148.00336020227996
2008-08-03,147.9770941304511
2008-08-04,147.38016552339113
2008-08-05,147.02461050522595
2008-08-06,146.83119559141983
2008-08-07,146.26745580721965
2008-08-08,144.93367959427425
2008-08-09,144.90795829691018
2008-08-10,144.88224156429007
2008-08-11,143.3720463842581
2008-08-12,143.53067946777483
2008-08-13,143.39150107880704
2008-08-14,142.67185187730794
2008-08-15,141.90435795816649
2008-08-16,141.8791742727835
2008-08-17,141.8539950567348
2008-08-18,141.8288203092272
2008-08-19,142.10368271476793
2008-08-20,142.19401182112185
2008-08-21,142.82498259180306
2008-08-22,142.1906567330425
2008-08-23,142.16542223837945
2008-08-24,142.14019222206772
2008-08-25,141.73659389651237
2008-08-26,141.2141478662085
2008-08-27,141.9548422730216
2008-08-28,141.82521955900734
2008-08-29,141.69187109238192
2008-08-30,141.66672511692173
2008-08-31,141.6415836041034
2008-09-01,141.48630975915245
2008-09-02,140.52373461438933
2008-09-03,139.96991564955312
2008-09-04,138.4978707123851
2008-09-05,138.0291945095961
2008-09-06,137.97865767848455
2008-09-07,137.92813935049696
2008-09-08,137.48722747356695
2008-09-09,137.26314075632678
2008-09-10,136.8518780641063
2008-09-11,136.05325262692793
2008-09-12,137.34310089996634
2008-09-13,137.29281526931283
2008-09-14,137.24254804981084
2008-09-15,136.39286211650622
2008-09-16,136.2226271091993
2008-09-17,135.5562866270378
2008-09-18,134.7338707444076
2008-09-19,137.68438251929717
2008-09-20,137.63397193470456
2008-09-21,137.5835798070132
2008-09-22,138.87645541417191
2008-09-23,137.0148122166822
2008-09-24,137.04136881580692
2008-09-25,137.9766674984054
2008-09-26,137.22061241739522
2008-09-27,137.17037163362914
2008-09-28,137.12014924459487
2008-09-29,133.97693785051973
2008-09-30,134.44396903929825
2008-10-01,133.98037432087798
2008-10-02,131.5103799082459
2008-10-03,132.2096046090168
2008-10-04,132.18250016335688
2008-10-05,132.15540127441105
2008-10-06,128.6382739867397
2008-10-07,127.28180306326016
2008-10-08,127.13373355390543
2008-10-09,129.66392011375814
2008-10-10,125.78621705411119
2008-10-11,125.760429474646
2008-10-12,125.73464718192271
2008-10-13,125.70887017485737
2008-10-14,130.16643331669556
2008-10-15,127.52963162717867
2008-10-16,127.4659150287043
2008-10-17,125.98754841751396
2008-10-18,125.96171956287054
2008-10-19,125.93589600343084
2008-10-20,129.27266589606936
2008-10-21,125.43508718123088
2008-10-22,122.44459615943306
2008-10-23,125.12180878803588
2008-10-24,124.94878560018006
2008-10-25,124.92316970351669
2008-10-26,124.89755905839819
2008-10-27,126.64720452834992
2008-10-28,130.51101724658645
2008-10-29,133.4119547308769
2008-10-30,133.71338896735125
2008-10-31,132.89822333913565
2008-11-01,132.85624952703913
2008-11-02,132.8142889717105
2008-11-03,132.35243197963902
2008-11-04,130.83154267965395
2008-11-05,131.36380399165276
2008-11-06,131.32231480175628
2008-11-07,129.52970494442945
2008-11-08,129.4887950258493
2008-11-09,129.447898028023
2008-11-10,128.99623198427298
2008-11-11,128.9264448015295
2008-11-12,125.94563709986252
2008-11-13,125.2981231662172
2008-11-14,126.76890901494285
2008-11-15,126.7288710503036
2008-11-16,126.6888457310253
2008-11-17,126.11175869828818
2008-11-18,126.0342094073917
2008-11-19,124.24241532179796
2008-11-20,123.81569362712293
2008-11-21,122.54667595152564
2008-11-22,122.50797151274382
2008-11-23,122.46927929814981
2008-11-24,126.0551094422786
2008-11-25,126.99562723850129
2008-11-26,126.98073446486467
2008-11-27,127.39376871106687
2008-11-28,127.24359208693636
2008-11-29,127.20340420112007
2008-11-30,127.16322900801498
2008-12-01,126.13309771238433
2008-12-02,126.46835234826881
2008-12-03,126.31909476975731
2008-12-04,126.70608826365542
2008-12-05,124.59758826596006
2008-12-06,124.57788566369577
2008-12-07,124.5581861770017
2008-12-08,124.53848980538523
2008-12-09,126.4056821244539
2008-12-10,127.00308906281381
2008-12-11,130.3578889915638
2008-12-12,128.81978263216396
2008-12-13,128.79941237479142
2008-12-14,128.77904533856537
2008-12-15,130.24303806234897
2008-12-16,129.8643729029631
2008-12-17,131.1517343577315
2008-12-18,131.30274111473602
2008-12-19,130.4357137273799
2008-12-20,130.4150879430097
2008-12-21,130.3944654201924
2008-12-22,130.11498750958907
2008-12-23,131.09169420188962
2008-12-24,131.36411630596353
2008-12-25,131.34334371340063
2008-12-26,131.55389744977163
2008-12-27,131.53309484713827
2008-12-28,131.51229553401808
2008-12-29,131.4510606279881
2008-12-30,132.71507198789666
2008-12-31,132.55201060614286
2009-01-01,132.50957753284467
2009-01-02,132.51985378670682
2009-01-03,132.47743100757674
2009-01-04,132.43502180899426
2009-01-05,132.7383740514042
2009-01-06,134.01775271542778
2009-01-07,134.0104855435611
2009-01-08,133.07900165810506
2009-01-09,132.27511561504096
2009-01-10,132.23277118246125
2009-01-11,132.1904403053486
2009-01-12,130.85507940958664
2009-01-13,130.91120813789544
2009-01-14,129.6242395699146
2009-01-15,129.19047618903554
2009-01-16,130.3848172992762
2009-01-17,130.34307799646123
2009-01-18,130.3013520553967
2009-01-19,130.26615298339033
2009-01-20,129.0435292680271
2009-01-21,129.53111913134595
2009-01-22,129.8422845782365
2009-01-23,129.77705653101694
2009-01-24,129.73551178698014
2009-01-25,129.69398034241087
2009-01-26,131.23346009296526
2009-01-27,131.15221758405656
2009-01-28,132.2041940836616
2009-01-29,131.37140422627377
2009-01-30,130.39710072680623
2009-01-31,130.35535749177188
2009-02-01,130.3762535463221
2009-02-02,130.05287483480402
2009-02-03,131.20143182959555
2009-02-04,130.96898033212062
2009-02-05,130.79297545443492
2009-02-06,131.61878654922373
2009-02-07,131.63988513233136
2009-02-08,131.66098709755653
2009-02-09,132.80393696718733
2009-02-10,131.82773879303033
2009-02-11,131.96703614895227
2009-02-12,131.4078131073951
2009-02-13,132.1295098758557
2009-02-14,132.15069032826813
2009-02-15,132.17187417592174
2009-02-16,132.2259648944223
2009-02-17,130.62308973928495
2009-02-18,129.96802290923247
2009-02-19,131.24832963597487
2009-02-20,130.33280183580678
2009-02-21,130.35369427466966
2009-02-22,130.37459006260502
2009-02-23,130.99308457948277
2009-02-24,131.5457266658149
2009-02-25,131.40230245432346
2009-02-26,132.3767588322556
2009-02-27,131.85199311567067
2009-02-28,131.87312908195327
2009-03-01,131.77335412683487
2009-03-02,131.33869660226134
2009-03-03,131.34080715694301
2009-03-04,132.92271005509878
2009-03-05,132.5403178589085
2009-03-06,133.38371053475524
2009-03-07,133.28270735565562
2009-03-08,133.1817806599747
2009-03-09,133.12197670441225
2009-03-10,133.8298175534838
2009-03-11,134.2292702401464
2009-03-12,134.67379188249478
2009-03-13,135.5499031700685
2009-03-14,135.44725966816003
2009-03-15,135.3446938917847
2009-03-16,136.30398132441462
2009-03-17,136.17393328012255
2009-03-18,137.09863088281338
2009-03-19,138.52336852508296
2009-03-20,138.2696659900163
2009-03-21,138.16496298106526
2009-03-22,138.06033925718378
2009-03-23,139.2533137007726
2009-03-24,139.1478658366552
2009-03-25,139.27767553205902
2009-03-26,139.41470191111816
2009-03-27,138.56259729396848
2009-03-28,138.4576724663798
2009-03-29,138.35282709183002
2009-03-30,136.62036155731232
2009-03-31,137.6888033217161
2009-04-01,137.68767476921425
2009-04-02,137.61634584943147
2009-04-03,139.39000097215896
2009-04-04,139.31779016451378
2009-04-05,139.245616765583
2009-04-06,137.8937304488651
2009-04-07,137.3246747963662
2009-04-08,137.994798776277
2009-04-09,137.92331075130406
2009-04-10,137.85185976060902
2009-04-11,137.78044578500615
2009-04-12,137.70906880531996
2009-04-13,138.87458460186753
2009-04-14,138.00938939830445
2009-04-15,137.69570372711428
2009-04-16,137.81446724472212
2009-04-17,137.7151475677547
2009-04-18,137.64380441572456
2009-04-19,137.57249822292096
2009-04-20,135.88308787501225
2009-04-21,136.16022270394595
2009-04-22,136.95578233665603
2009-04-23,137.00440421015801
2009-04-24,137.61985771796967
2009-04-25,137.5485639307215
2009-04-26,137.4773070771266
2009-04-27,136.2126821281843
2009-04-28,137.32145139754354
2009-04-29,138.9728167907034
2009-04-30,138.1631540545103
2009-05-01,138.1357668540287
2009-05-02,138.10844020132936
2009-05-03,138.08111895451424
2009-05-04,139.20307361671246
2009-05-05,138.84600588934092
2009-05-06,139.92696711740075
2009-05-07,140.5777463211881
2009-05-08,142.12507024366727
2009-05-09,142.09695440862419
2009-05-10,142.06884413558495
2009-05-11,142.11363653430496
2009-05-12,142.07172516965719
2009-05-13,141.20542080617835
2009-05-14,141.84661364695847
2009-05-15,141.3879655996062
2009-05-16,141.35999558199381
2009-05-17,141.33203109753902
2009-05-18,141.9500679015033
2009-05-19,143.28379739973204
2009-05-20,144.38166797472562
2009-05-21,144.71227210865004
2009-05-22,144.85693986807766
2009-05-23,144.82828360202134
2009-05-24,144.79963300487938
2009-05-25,144.77098807553034
2009-05-26,144.77360874235694
2009-05-27,144.64662565099874
2009-05-28,144.91892885113873
2009-05-29,146.88316578582223
2009-05-30,146.85410868243608
2009-05-31,146.82505732725977
2009-06-01,147.6139973308258
2009-06-02,148.03731809307052
2009-06-03,146.5186163800436
2009-06-04,147.3778631332245
2009-06-05,146.71853990775517
2009-06-06,146.71162926587962
2009-06-07,146.70471894950458
2009-06-08,146.19981327645817
2009-06-09,146.5931736076941
2009-06-10,146.60002893606554
2009-06-11,147.64691308512113
2009-06-12,148.13623069581098
2009-06-13,148.12925327877983
2009-06-14,148.12227619039447
2009-06-15,148.11529943063942
2009-06-16,146.73152789565856
2009-06-17,146.80829815922024
2009-06-18,146.94649468758664
2009-06-19,147.80737638718028
2009-06-20,147.8004144596323
2009-06-21,147.79345286000054
2009-06-22,146.3539951730075
2009-06-23,147.9362187411785
2009-06-24,148.2884763238357
2009-06-25,148.8013211449654
2009-06-26,149.49900214185084
2009-06-27,149.4919605364395
2009-06-28,149.48491926269733
2009-06-29,148.93244941538666
2009-06-30,148.7902941223012
2009-07-01,149.82890444437436
2009-07-02,148.94847980311715
2009-07-03,148.94523949102467
2009-07-04,148.90623751028363
2009-07-05,148.86724574238667
2009-07-06,148.16756868253924
2009-07-07,147.96785433800795
2009-07-08,146.50320864165352
2009-07-09,146.46484611767178
2009-07-10,146.42649363908947
2009-07-11,146.38815120327615
2009-07-12,146.34981880760208
2009-07-13,147.58553138515063
2009-07-14,147.47870763402165
2009-07-15,149.2595148774751
2009-07-16,149.32148614139498
2009-07-17,149.68424473694844
2009-07-18,149.6450492443606
2009-07-19,149.60586401528872
2009-07-20,150.4856394464219
2009-07-21,150.19120397427446
2009-07-22,150.55895842994502
2009-07-23,150.642258769756
2009-07-24,150.5984742121397
2009-07-25,150.5590393244526
2009-07-26,150.5196147629683
2009-07-27,150.74334785253401
2009-07-28,150.57177285542613
2009-07-29,149.88480874028755
2009-07-30,151.04933342659282
2009-07-31,152.0066222929258
2009-08-01,151.93425670685642
2009-08-02,151.8619255717732
2009-08-03,153.0334392384781
2009-08-04,152.84866054534905
2009-08-05,153.32643656380085
2009-08-06,152.45730532556914
2009-08-07,152.25557896950286
2009-08-08,152.1830948629669
2009-08-09,152.11064526384095
2009-08-10,151.09689651323467
2009-08-11,151.3794069721995
2009-08-12,151.86275348653203
2009-08-13,152.2182534164318
2009-08-14,151.46392242437415
2009-08-15,151.3918152006936
2009-08-16,151.31974230500094
2009-08-17,151.2477037209538
2009-08-18,151.14260292689863
2009-08-19,152.15403034144984
2009-08-20,151.97034179327935
2009-08-21,152.4120570693279
2009-08-22,152.3394984684756
2009-08-23,152.2669744104977
2009-08-24,151.9189498934889
2009-08-25,151.3305219858007
2009-08-26,150.55565441332945
2009-08-27,150.4390847717768
2009-08-28,150.66778428141052
2009-08-29,150.59605607413354
2009-08-30,150.52436201440668
2009-08-31,150.18737909280907
2009-09-01,148.75546602265314
2009-09-02,149.26748284037632
2009-09-03,149.8047460570208
2009-09-04,150.8173833972328
2009-09-05,150.73960196414833
2009-09-06,150.66186064548032
2009-09-07,150.67248923475208
2009-09-08,151.63575107503254
2009-09-09,151.32731456356765
2009-09-10,152.09700636782878
2009-09-11,151.98700893061323
2009-09-12,151.9086242835748
2009-09-13,151.83028006204998
2009-09-14,151.3591411227374
2009-09-15,151.40028288408217
2009-09-16,151.62158108920033
2009-09-17,151.39783308589372
2009-09-18,151.68029620630264
2009-09-19,151.6020697409984
2009-09-20,151.52388361962818
2009-09-21,150.89277804678574
2009-09-22,151.71969233484435
2009-09-23,152.10073604904403
2009-09-24,150.7957070822448
2009-09-25,151.12368986562046
2009-09-26,151.04575046032124
2009-09-27,150.96785125091
2009-09-28,151.04879372704053
2009-09-29,150.9815736631525
2009-09-30,151.7103085167764
2009-10-01,150.69073647869152
2009-10-02,151.2238400859257
2009-10-03,151.14703736547747
2009-10-04,151.0702736511666
2009-10-05,151.24304871877217
2009-10-06,151.51931224643488
2009-10-07,151.3075908572748
2009-10-08,152.18461684784754
2009-10-09,151.72312670471396
2009-10-10,151.6460704093626
2009-10-11,151.5690532489328
2009-10-12,151.49207520354878
2009-10-13,151.84003570548145
2009-10-14,152.94635273345307
2009-10-15,152.7138502338059
2009-10-16,152.53422000310854
2009-10-17,152.4567517742167
2009-10-18,152.37932288945692
2009-10-19,152.5090822183958
2009-10-20,151.09369161875804
2009-10-21,152.230885491474
2009-10-22,152.2737192647839
2009-10-23,152.20012110201077
2009-10-24,152.12282255340537
2009-10-25,152.0455632627557
2009-10-26,151.05065431288952
2009-10-27,150.5767982989439
2009-10-28,149.9024348840392
2009-10-29,150.95845229340378
2009-10-30,149.76144549312593
2009-10-31,149.685385485487
2009-11-01,149.64024507078824
2009-11-02,149.50527361354318
2009-11-03,149.67783516962353
2009-11-04,150.53079116168325
2009-11-05,150.70853622543413
2009-11-06,150.66308726058162
2009-11-07,150.6176520017106
2009-11-08,150.57223044468776
2009-11-09,151.87260313671183
2009-11-10,151.315963231015
2009-11-11,151.203691580879
2009-11-12,150.3648693254325
2009-11-13,151.1921509780282
2009-11-14,151.14655617014353
2009-11-15,151.10097511222205
2009-11-16,151.6335380922027
2009-11-17,150.97318723744434
2009-11-18,151.2553011347871
2009-11-19,150.07317979719886
2009-11-20,149.60824611180573
2009-11-21,149.56312895992113
2009-11-22,149.5180254139537
2009-11-23,150.19517074575194
2009-11-24,150.03319629857404
2009-11-25,150.80274015352165
2009-11-26,150.8094840216294
2009-11-27,149.9151163274549
2009-11-28,149.8699066331438
2009-11-29,149.82471057265772
2009-11-30,149.58517273606077
2009-12-01,150.76527174242204
2009-12-02,150.43352709306592
2009-12-03,150.93444305336766
2009-12-04,149.58429509429678
2009-12-05,149.45188481572868
2009-12-06,149.31959174519955
2009-12-07,148.93672794221183
2009-12-08,148.80489088255652
2009-12-09,146.61687989013387
2009-12-10,146.82003825998987
2009-12-11,147.00180507643984
2009-12-12,146.871680788005
2009-12-13,146.74167168407706
2009-12-14,147.32594380063745
2009-12-15,146.65404503244685
2009-12-16,146.5522314820878
2009-12-17,144.9301185045918
2009-12-18,144.79339805181343
2009-12-19,144.6652286195962
2009-12-20,144.53717264146994
2009-12-21,144.12071262971565
2009-12-22,143.54361495445696
2009-12-23,144.1507938276303
2009-12-24,143.83733276303064
2009-12-25,143.71000962868942
2009-12-26,143.58279919930598
2009-12-27,143.4557013751155
2009-12-28,144.2365833484948
2009-12-29,144.9139214564547
2009-12-30,143.7433968064084
2009-12-31,143.61536065997254
2010-01-01,143.53094655648943
2010-01-02,143.44658206984974
2010-01-03,143.36226717088974
2010-01-04,144.1618882599859
2010-01-05,143.84630288806116
2010-01-06,144.30503789570045
2010-01-07,143.1545879266341
2010-01-08,143.79981964722418
2010-01-09,143.7152971226086
2010-01-10,143.63082427856418
2010-01-11,143.57035909301408
2010-01-12,143.24871953620445
2010-01-13,142.79612787482597
2010-01-14,142.58654166834307
2010-01-15,142.0847209089738
2010-01-16,142.0012064835038
2010-01-17,141.91774114606537
2010-01-18,141.91378614816057
2010-01-19,141.71078108808555
2010-01-20,140.65260599526647
2010-01-21,140.27636863328414
2010-01-22,139.768169828436
2010-01-23,139.6860170232115
2010-01-24,139.60391250568668
2010-01-25,139.3197206853302
2010-01-26,139.04797390705963
2010-01-27,137.86166989340788
2010-01-28,137.52247509617632
2010-01-29,137.36307331507163
2010-01-30,137.282334175245
2010-01-31,137.20164249219508
2010-02-01,137.73386117211973
2010-02-02,138.47603198504223
2010-02-03,137.60074212305963
2010-02-04,136.22690094108384
2010-02-05,135.68658691351635
2010-02-06,135.5127974491359
2010-02-07,135.33923057697046
2010-02-08,135.60924298282623
2010-02-09,136.4316465294157
2010-02-10,136.23792155433162
2010-02-11,136.05223873505327
2010-02-12,135.72712753557215
2010-02-13,135.55328614614032
2010-02-14,135.37966741543
2010-02-15,135.48574711697512
2010-02-16,135.68500390673626
2010-02-17,135.71670769867728
2010-02-18,135.70392768445777
2010-02-19,135.94628863992773
2010-02-20,135.7721665455876
2010-02-21,135.59826746950006
2010-02-22,135.6571568596535
2010-02-23,134.64351983178105
2010-02-24,134.69798096632516
2010-02-25,134.0428475729992
2010-02-26,134.97475558192326
2010-02-27,134.80187784204458
2010-02-28,134.62922152663015
2010-03-01,134.52539250953913
2010-03-02,134.98221210475432
2010-03-03,135.30698478777603
2010-03-04,134.6706828223651
2010-03-05,135.15730043786044
2010-03-06,135.0567234530307
2010-03-07,134.95622131232594
2010-03-08,134.59602816170323
2010-03-09,134.81382631004445
2010-03-10,134.76552965698156
2010-03-11,134.73578083267105
2010-03-12,135.16960965462152
2010-03-13,135.06902350991732
2010-03-14,134.96851221615432
2010-03-15,134.73434567276522
2010-03-16,134.58437680688468
2010-03-17,134.80088943770127
2010-03-18,133.72735214133635
2010-03-19,133.06658704602052
2010-03-20,132.96756586060684
2010-03-21,132.86861836157365
2010-03-22,132.68441062774625
2010-03-23,132.93744154736484
2010-03-24,132.83851646526796
2010-03-25,131.63978822319905
2010-03-26,131.18834637231623
2010-03-27,131.09072287524884
2010-03-28,130.99317202447557
2010-03-29,131.9627055255295
2010-03-30,132.1574231119754
2010-03-31,132.9635184219845
2010-04-01,132.9194898754321
2010-04-02,132.87547590816385
2010-04-03,132.831476515352
2010-04-04,132.78749169217053
2010-04-05,133.34593068452608
2010-04-06,133.13912578681453
2010-04-07,132.7521340344076
2010-04-08,132.42215890009408
2010-04-09,132.7783655374093
2010-04-10,132.73439830100045
2010-04-11,132.6904456235739
2010-04-12,133.39679282577458
2010-04-13,133.41891999162186
2010-04-14,133.74491061578067
2010-04-15,133.58105196778715
2010-04-16,132.4098581647798
2010-04-17,132.36601295315037
2010-04-18,132.32218226009692
2010-04-19,132.26145744218954
2010-04-20,132.49584883285
2010-04-21,132.47784109999031
2010-04-22,131.91158571078978
2010-04-23,131.98068143182303
2010-04-24,131.93697833457196
2010-04-25,131.8932897088382
2010-04-26,132.3425400161147
2010-04-27,131.55442686589842
2010-04-28,131.56899131986242
2010-04-29,132.74811336737156
2010-04-30,132.8480587110612
2010-05-01,132.79174012138984
2010-05-02,132.73553506961235
2010-05-03,132.45305871918285
2010-05-04,131.39957420794929
2010-05-05,130.14546601978793
2010-05-06,127.4526742815592
2010-05-07,128.09370023718233
2010-05-08,128.039483664317
2010-05-09,127.98529003900316
2010-05-10,129.74466901047415
2010-05-11,129.82021596771958
2010-05-12,129.60070638834233
2010-05-13,129.46983286703443
2010-05-14,128.00800146137018
2010-05-15,127.95382116112341
2010-05-16,127.89966379307538
2010-05-17,127.31521897821804
2010-05-18,127.48340666965284
2010-05-19,126.72048390725001
2010-05-20,125.85469937236591
2010-05-21,126.53740571371281
2010-05-22,126.48384785361229
2010-05-23,126.43031266225826
2010-05-24,126.37680013005613
2010-05-25,126.32331024741515
2010-05-26,125.97572681313845
2010-05-27,127.16851992643154
2010-05-28,126.97003451257231
2010-05-29,126.91629353924492
2010-05-30,126.862575312168
2010-05-31,127.34384967593184
2010-06-01,127.07513760406881
2010-06-02,126.3716233315457
2010-06-03,126.58307839935637
2010-06-04,125.28023032692997
2010-06-05,125.23519629278019
2010-06-06,125.19017844685281
2010-06-07,124.39455600761427
2010-06-08,124.25761241305511
2010-06-09,125.106777490818
2010-06-10,126.15142089215854
2010-06-11,126.05122483289799
2010-06-12,126.00591365212408
2010-06-13,125.96061875919742
2010-06-14,126.47801924984864
2010-06-15,127.38793490735232
2010-06-16,127.53552789695073
2010-06-17,127.76043909297951
2010-06-18,127.80361445737873
2010-06-19,127.75767335140438
2010-06-20,127.7117487597143
2010-06-21,127.66584067637213
2010-06-22,127.75812632146464
2010-06-23,126.71636037437317
2010-06-24,127.42568497727153
2010-06-25,127.5909809037821
2010-06-26,127.54511623242706
2010-06-27,127.49926804788063
2010-06-28,127.1753892066575
2010-06-29,126.13352318872346
2010-06-30,126.57950815573929
2010-07-01,127.05885020479803
2010-07-02,127.64454137562254
2010-07-03,127.5953416614086
2010-07-04,127.54616091088755
2010-07-05,127.54772562323654
2010-07-06,127.83755232330498
2010-07-07,128.21811901492288
2010-07-08,128.07021876050277
2010-07-09,128.02085497185638
2010-07-10,127.97151021014422
2010-07-11,127.9221844680325
2010-07-12,127.82993687272084
2010-07-13,128.25122950735107
2010-07-14,128.12546166552582
2010-07-15,128.13994121614292
2010-07-16,127.88950221596997
2010-07-17,127.84020808327791
2010-07-18,127.7909329506717
2010-07-19,127.50802909085922
2010-07-20,127.94094103087691
2010-07-21,127.71564896154506
2010-07-22,128.24282708399457
2010-07-23,128.1246382191683
2010-07-24,128.0752534549143
2010-07-25,128.02588772567944
2010-07-26,128.21072155414538
2010-07-27,128.02309700357034
2010-07-28,128.15893958954706
2010-07-29,128.40685423564688
2010-07-30,128.58087182394183
2010-07-31,128.5313112075697
2010-08-01,128.49939636350442
2010-08-02,129.08679776437288
2010-08-03,128.76951224291295
2010-08-04,128.51337924429717
2010-08-05,128.76907842257125
2010-08-06,128.72187562828404
2010-08-07,128.68991346630287
2010-08-08,128.6579592406557
2010-08-09,128.8181442809477
2010-08-10,128.1516777575948
2010-08-11,127.43648988653243
2010-08-12,127.15479118303452
2010-08-13,127.1291636890705
2010-08-14,127.09759700390121
2010-08-15,127.06603815686745
2010-08-16,127.03448714602294
2010-08-17,127.98768007597634
2010-08-18,128.00962593453394
2010-08-19,127.43574775473266
2010-08-20,127.26594364016535
2010-08-21,127.23434299198138
2010-08-22,127.20275019036606
2010-08-23,126.98316804850637
2010-08-24,126.9397214649642
2010-08-25,126.94661204394284
2010-08-26,127.1741469242532
2010-08-27,127.44469715484057
2010-08-28,127.41305212143641
2010-08-29,127.38141494562194
2010-08-30,127.13504846292274
2010-08-31,127.3020085511594
2010-09-01,127.92400271813685
2010-09-02,128.02399799077548
2010-09-03,128.3817139943787
2010-09-04,128.31691387889376
2010-09-05,128.25214647098707
2010-09-06,128.10988587443808
2010-09-07,127.67720220610632
2010-09-08,127.90394082200638
2010-09-09,127.6785446887968
2010-09-10,127.87378150785844
2010-09-11,127.80923776910154
2010-09-12,127.74472660851796
2010-09-13,128.250317656267
2010-09-14,128.95676715700603
2010-09-15,128.4068925751986
2010-09-16,128.54721915575274
2010-09-17,128.5847209321716
2010-09-18,128.51981834981183
2010-09-19,128.45494852675006
2010-09-20,128.18281604105147
2010-09-21,128.3457422683101
2010-09-22,129.12700990042788
2010-09-23,129.2244145751023
2010-09-24,129.9174257232413
2010-09-25,129.85185046389597
2010-09-26,129.7863083033795
2010-09-27,130.19637924727948
2010-09-28,130.47643527278242
2010-09-29,130.29848823013458
2010-09-30,130.3472605655798
2010-10-01,131.07545294130898
2010-10-02,130.95722408398157
2010-10-03,130.83910186799994
2010-10-04,130.2229720469796
2010-10-05,130.94425201705852
2010-10-06,130.8098578420481
2010-10-07,130.47047353314593
2010-10-08,130.82389536523542
2010-10-09,130.70589341053622
2010-10-10,130.58799789251876
2010-10-11,130.4702087151781
2010-10-12,130.30093917923523
2010-10-13,130.8601471232958
2010-10-14,130.66208975285585
2010-10-15,130.47089772358072
2010-10-16,130.3532141695193
2010-10-17,130.23563676494516
2010-10-18,130.0314854121423
2010-10-19,128.84623746230528
2010-10-20,129.53057917511165
2010-10-21,128.52289366368748
2010-10-22,128.16410266503811
2010-10-23,128.04849981897917
2010-10-24,127.93300124562789
2010-10-25,127.97174121980642
2010-10-26,127.58065193361945
2010-10-27,127.46557535477324
2010-10-28,127.23748477450194
2010-10-29,127.5060282667049
2010-10-30,127.39101899772236
2010-10-31,127.2761134660465
2010-11-01,127.07148052652062
2010-11-02,127.71413654011279
2010-11-03,127.47741915784249
2010-11-04,128.62530693604833
2010-11-05,128.3555214390952
2010-11-06,128.2963040902166
2010-11-07,128.23711406150596
2010-11-08,127.39138071390819
2010-11-09,127.27077040761803
2010-11-10,126.4837633421536
2010-11-11,126.19336642893941
2010-11-12,125.95145068016875
2010-11-13,125.89334245924397
2010-11-14,125.83526104678644
2010-11-15,125.80386677999122
2010-11-16,124.92290592566448
2010-11-17,125.38668784493755
2010-11-18,125.89298042957451
2010-11-19,125.75993161148551
2010-11-20,125.70191174867249
2010-11-21,125.64391865356235
2010-11-22,125.58595231380565
2010-11-23,124.48238938418972
2010-11-24,124.744750169441
2010-11-25,124.79785932502203
2010-11-26,124.26393987018712
2010-11-27,124.20661018933019
2010-11-28,124.14930695775786
2010-11-29,123.99346447507793
2010-11-30,124.23556923886143
2010-12-01,124.50304209242819
2010-12-02,124.73431441156615
2010-12-03,125.56782362163605
2010-12-04,125.52645360503641
2010-12-05,125.48509721834785
2010-12-06,125.45702171579629
2010-12-07,125.46156236851704
2010-12-08,125.42022736112337
2010-12-09,124.30376667868266
2010-12-10,124.12783179882057
2010-12-11,124.0869362069891
2010-12-12,124.04605408876301
2010-12-13,124.68389937738745
2010-12-14,125.0109370765235
2010-12-15,124.40272023492926
2010-12-16,124.25873989849694
2010-12-17,123.65620492810372
2010-12-18,123.61546472011906
2010-12-19,123.57473793454655
2010-12-20,123.66411604368356
2010-12-21,123.9767720990061
2010-12-22,123.92610339325594
2010-12-23,124.092213959337
2010-12-24,124.05133010228413
2010-12-25,124.01045971497055
2010-12-26,123.96960279295841
2010-12-27,124.3635431575882
2010-12-28,124.29985446444675
2010-12-29,124.65209334723606
2010-12-30,125.20867007942688
2010-12-31,125.46066245334404
2011-01-01,125.43726910201987
2011-01-02,125.41388011261184
2011-01-03,125.71363426244248
2011-01-04,124.87362772677757
2011-01-05,123.99902614806744
2011-01-06,123.351438206629
2011-01-07,123.26240480798705
2011-01-08,123.23942134301605
2011-01-09,123.21644216353387
2011-01-10,123.17371680552485
2011-01-11,123.2935832288938
2011-01-12,123.92808220644712
2011-01-13,124.69057041309827
2011-01-14,124.24734009190065
2011-01-15,124.22417297624044
2011-01-16,124.20101018031254
2011-01-17,124.22145245246136
2011-01-18,124.60296782846211
2011-01-19,124.91768941006126
2011-01-20,124.8173171844081
2011-01-21,125.05715318188619
2011-01-22,125.03383506875991
2011-01-23,125.01052130352086
2011-01-24,125.22534316828742
2011-01-25,125.33854088669658
2011-01-26,125.48118727478573
2011-01-27,125.45151154138043
2011-01-28,125.25698169079118
2011-01-29,125.23362631771091
2011-01-30,125.21027529946531
2011-01-31,125.87508288208429
2011-02-01,126.64496389556521
2011-02-02,126.6828818637451
2011-02-03,126.27988410797334
2011-02-04,125.9993141574103
2011-02-05,125.98754131641039
2011-02-06,125.97576957541467
2011-02-07,125.92711095138496
2011-02-08,126.43515916228311
2011-02-09,126.57726030545653
2011-02-10,126.21722543415717
2011-02-11,126.12498198688019
2011-02-12,126.11319740401179
2011-02-13,126.10141392224475
2011-02-14,126.09873407676358
2011-02-15,126.103047584803
2011-02-16,126.05975980467814
2011-02-17,126.54249569567814
2011-02-18,126.76083373707819
2011-02-19,126.74898974292165
2011-02-20,126.73714685541768
2011-02-21,126.70720544930596
2011-02-22,126.50290035827358
2011-02-23,126.5399009020039
2011-02-24,126.8944445683749
2011-02-25,126.96251420946845
2011-02-26,126.95065137114479
2011-02-27,126.93878964123438
2011-02-28,127.08910335846436
2011-03-01,127.02596807538865
2011-03-02,127.16239930515263
2011-03-03,127.30957495954924
2011-03-04,127.6907060144691
2011-03-05,127.60572519083252
2011-03-06,127.52080092370359
2011-03-07,127.4359331754427
2011-03-08,127.35112190843545
2011-03-09,126.89105968115331
2011-03-10,126.26780834858502
2011-03-11,126.17461590703603
2011-03-12,126.09064407293408
2011-03-13,126.00672812383623
2011-03-14,126.20724570864785
2011-03-15,126.12854986343945
2011-03-16,126.04801992285972
2011-03-17,125.64818628303772
2011-03-18,126.32695850372396
2011-03-19,126.24288528245182
2011-03-20,126.15886801365906
2011-03-21,126.52360964454914
2011-03-22,126.4107488163457
2011-03-23,126.27878365582217
2011-03-24,126.19474249591445
2011-03-25,126.11075726714856
2011-03-26,126.02682793230113
2011-03-27,125.94295445417363
2011-03-28,125.76890686502563
2011-03-29,125.96453830116442
2011-03-30,126.68876019101343
2011-03-31,127.14117965988889
2011-04-01,127.43580742237614
2011-04-02,127.34874388971953
2011-04-03,127.26173983845095
2011-04-04,127.15685827137591
2011-04-05,127.3292213736231
2011-04-06,127.37011681210966
2011-04-07,128.00888960589708
2011-04-08,128.59359558119925
2011-04-09,128.50574105322337
2011-04-10,128.41794654703978
2011-04-11,128.07552502232704
2011-04-12,127.92666325674074
2011-04-13,127.78323495268063
2011-04-14,128.46884879902666
2011-04-15,128.6138706467706
2011-04-16,128.52600226696717
2011-04-17,128.4381939184195
2011-04-18,127.6105837359772
2011-04-19,128.25096048915992
2011-04-20,128.64001001754502
2011-04-21,128.55212377944875
2011-04-22,128.464297584809
2011-04-23,128.37653139260436
2011-04-24,128.28882516184143
2011-04-25,128.56786347588516
2011-04-26,128.9930347476848
2011-04-27,129.13519996573447
2011-04-28,128.53090054143624
2011-04-29,129.13450881014276
2011-04-30,129.04628473284222
2011-05-01,128.9893483718299
2011-05-02,128.82856970875008
2011-05-03,128.1009146135985
2011-05-04,127.69931269284083
2011-05-05,126.50292180317528
2011-05-06,126.5460860306789
2011-05-07,126.49027262666297
2011-05-08,126.4344838392604
2011-05-09,126.16511550248306
2011-05-10,126.36002300700748
2011-05-11,125.5433954823215
2011-05-12,125.68216445976323
2011-05-13,124.85066572753539
2011-05-14,124.79560009203072
2011-05-15,124.7405587433346
2011-05-16,124.91214569947108
2011-05-17,125.05816539160315
2011-05-18,125.51570687643965
2011-05-19,125.56301768750214
2011-05-20,125.47071757957741
2011-05-21,125.41537846896489
2011-05-22,125.36006376577762
2011-05-23,124.16779529523384
2011-05-24,124.38359869255223
2011-05-25,124.32873905789627
2011-05-26,124.68923300505337
2011-05-27,125.62527302941598
2011-05-28,125.56986575181355
2011-05-29,125.51448291170159
2011-05-30,125.62319859433188
2011-05-31,126.29846607850243
2011-06-01,126.08234906689921
2011-06-02,126.485556968899
2011-06-03,126.86436874463156
2011-06-04,126.807099659787
2011-06-05,126.74985642733986
2011-06-06,126.34573771501279
2011-06-07,126.6620527416509
2011-06-08,126.2226083200572
2011-06-09,125.94784248880264
2011-06-10,125.06155938871566
2011-06-11,125.00510412766563
2011-06-12,124.94867435163688
2011-06-13,125.3970160954181
2011-06-14,125.75818006816687
2011-06-15,124.47766865272074
2011-06-16,123.95750774144183
2011-06-17,124.62985064369252
2011-06-18,124.57359026450723
2011-06-19,124.5173552823697
2011-06-20,124.46114568581513
2011-06-21,125.07700641560066
2011-06-22,125.14488005423172
2011-06-23,124.43034892432574
2011-06-24,124.14862674287332
2011-06-25,124.09258359767324
2011-06-26,124.03656575145719
2011-06-27,124.22445401115543
2011-06-28,124.95948172183124
2011-06-29,125.64265501480976
2011-06-30,126.13595542917292
2011-07-01,126.25606188413599
2011-07-02,126.19933170806006
2011-07-03,126.14262702234737
2011-07-04,126.27837440128087
2011-07-05,125.9736966256076
2011-07-06,125.57991690467085
2011-07-07,125.96423128465169
2011-07-08,125.48932618136213
2011-07-09,125.43294051984479
2011-07-10,125.37658019389121
2011-07-11,124.36558363327725
2011-07-12,124.3895888840353
2011-07-13,124.7918952614566
2011-07-14,124.86813330275757
2011-07-15,124.77705844781757
2011-07-16,124.72099282696468
2011-07-17,124.66495239787281
2011-07-18,124.42230140030337
2011-07-19,125.27926329294827
2011-07-20,125.47009316587645
2011-07-21,126.13395841710617
2011-07-22,126.12463757845609
2011-07-23,126.06796645478437
2011-07-24,126.01132079494212
2011-07-25,126.2544790832302
2011-07-26,126.77192702298052
2011-07-27,125.50131179211677
2011-07-28,125.51129300034141
2011-07-29,126.03855448461725
2011-07-30,125.98192204034831
2011-07-31,125.92531504252918
2011-08-01,125.38117641733334
2011-08-02,125.03688475924604
2011-08-03,125.48108858876554
2011-08-04,124.29406200138284
2011-08-05,124.36275295416834
2011-08-06,124.28352655618721
2011-08-07,124.20435063008766
2011-08-08,123.09196869054159
2011-08-09,122.34000008281029
2011-08-10,122.91209820232281
2011-08-11,122.25047610211234
2011-08-12,122.84247283083238
2011-08-13,122.76421494082675
2011-08-14,122.68600690570611
2011-08-15,123.62482788750835
2011-08-16,123.66440599652992
2011-08-17,124.05040274321651
2011-08-18,123.03454189002096
2011-08-19,123.5483222576712
2011-08-20,123.46961470000967
2011-08-21,123.39095728369784
2011-08-22,123.31234997679275
2011-08-23,123.30834311268659
2011-08-24,123.14804118809069
2011-08-25,122.95725770649912
2011-08-26,123.18616836585608
2011-08-27,123.10769152155265
2011-08-28,123.02926467162098
2011-08-29,123.28625447399058
2011-08-30,123.56633265128578
2011-08-31,123.52278515524328
2011-09-01,123.55142303415117
2011-09-02,121.63305957051374
2011-09-03,121.56263903943245
2011-09-04,121.49225927893778
2011-09-05,121.20264609450693
2011-09-06,120.46078032850696
2011-09-07,120.5156593002853
2011-09-08,120.01843279633671
2011-09-09,118.80447259939122
2011-09-10,118.73568970364867
2011-09-11,118.66694663036942
2011-09-12,117.4144915872952
2011-09-13,117.64769783193563
2011-09-14,117.21137994534554
2011-09-15,117.75412190774222
2011-09-16,117.33495047546766
2011-09-17,117.26701837250111
2011-09-18,117.19912559942387
2011-09-19,114.82727186798887
2011-09-20,114.2078104911316
2011-09-21,113.02533401924842
2011-09-22,111.14025908007063
2011-09-23,112.2488105701594
2011-09-24,112.18382313268553
2011-09-25,112.11887332026093
2011-09-26,111.91178226794042
2011-09-27,113.5558136782483
2011-09-28,112.50137253081446
2011-09-29,112.40831692717958
2011-09-30,111.06506231893005
2011-10-01,111.03014856581868
2011-10-02,110.99506645586207
2011-10-03,109.84302737107126
2011-10-04,109.89874396078218
2011-10-05,111.63971891825679
2011-10-06,112.99053442218701
2011-10-07,113.25809947680743
2011-10-08,113.22231340292888
2011-10-09,113.18653863634833
2011-10-10,113.1507751734931
2011-10-11,114.21234266224181
2011-10-12,114.17003055581465
2011-10-13,114.61853194205167
2011-10-14,115.34351603223045
2011-10-15,115.3070710308998
2011-10-16,115.27063754506798
2011-10-17,112.61863901125417
2011-10-18,114.25654460204215
2011-10-19,114.42109280359934
2011-10-20,113.63273778005328
2011-10-21,114.08517057813856
2011-10-22,114.0491231752454
2011-10-23,114.0130871622222
2011-10-24,115.13102330739787
2011-10-25,114.78323987456305
2011-10-26,114.84586175101599
2011-10-27,117.12109122105674
2011-10-28,117.71735232496849
2011-10-29,117.68015726442496
2011-10-30,117.64297395637591
2011-10-31,116.7992875805788
2011-11-01,115.0209276438851
2011-11-02,114.99460853723195
2011-11-03,115.4533642737847
2011-11-04,115.37628588028244
2011-11-05,115.33179531901847
2011-11-06,115.28732191387996
2011-11-07,114.93429738091582
2011-11-08,115.21852113942003
2011-11-09,114.32384621344794
2011-11-10,114.24761558545433
2011-11-11,115.26761809118227
2011-11-12,115.22316943359796
2011-11-13,115.17873791598059
2011-11-14,114.3788492792981
2011-11-15,113.7363478096777
2011-11-16,113.37860818807981
2011-11-17,112.87828870508645
2011-11-18,112.8117536751658
2011-11-19,112.76825203009298
2011-11-20,112.72476715980702
2011-11-21,111.86185450920601
2011-11-22,112.0341055606914
2011-11-23,110.38230429798868
2011-11-24,109.68907378438276
2011-11-25,109.31228680184361
2011-11-26,109.27013459564488
2011-11-27,109.22799864387231
2011-11-28,109.18587894025791
2011-11-29,110.81684480077014
2011-11-30,112.15320588357496
2011-12-01,112.2375777071564
2011-12-02,112.44737848186168
2011-12-03,112.39698542061541
2011-12-04,112.34661494291578
2011-12-05,112.77910926938208
2011-12-06,112.157675230125
2011-12-07,112.25787971921999
2011-12-08,112.2075715814542
2011-12-09,112.15728598917683
2011-12-10,112.10702293228411
2011-12-11,112.05678240067691
2011-12-12,110.36009003381399
2011-12-13,109.64894197982125
2011-12-14,108.88779903838291
2011-12-15,109.30539941349855
2011-12-16,109.58670448058905
2011-12-17,109.53759342450904
2011-12-18,109.4885043774478
2011-12-19,109.2419515980749
2011-12-20,109.94614850223176
2011-12-21,109.59676095114528
2011-12-22,109.68625792736158
2011-12-23,109.35604574519353
2011-12-24,109.3070380583511
2011-12-25,109.25805233420269
2011-12-26,109.20908856290572
2011-12-27,109.35356789764485
2011-12-28,108.72022235149288
2011-12-29,109.00215223464448
2011-12-30,109.12853511286136
2011-12-31,109.07962938444061
2012-01-01,109.05337569108033
2012-01-02,109.02712831655722
2012-01-03,110.11505650121794
2012-01-04,110.19903584738083
2012-01-05,109.57262489589547
2012-01-06,109.22889846709715
2012-01-07,109.20260884709553
2012-01-08,109.17632555457801
2012-01-09,109.33299803766772
2012-01-10,110.39402472879718
2012-01-11,110.15674383535712
2012-01-12,110.97139335400767
2012-01-13,110.43930271165958
2012-01-14,110.41272176703522
2012-01-15,110.38614722001203
2012-01-16,110.71825361792071
2012-01-17,111.00246826869314
2012-01-18,111.63509211603247
2012-01-19,111.69837707024087
2012-01-20,111.98939081426008
2012-01-21,111.96243678863095
2012-01-22,111.93548925039758
2012-01-23,112.36900886378972
2012-01-24,112.40454293779037
2012-01-25,112.48234307262561
2012-01-26,113.24446888609852
2012-01-27,113.21311542591408
2012-01-28,113.18586686966643
2012-01-29,113.15862487170327
2012-01-30,112.79694251211406
2012-01-31,112.72210803715758
2012-02-01,113.34734601191623
2012-02-02,113.62104892474039
2012-02-03,113.78491143540637
2012-02-04,113.75155216753845
2012-02-05,113.71820267988424
2012-02-06,113.498593024492
2012-02-07,113.85191392154397
2012-02-08,114.05794565546815
2012-02-09,114.1237309846755
2012-02-10,113.6157262391734
2012-02-11,113.58241657273513
2012-02-12,113.54911667196852
2012-02-13,113.81048156435591
2012-02-14,113.50190253977517
2012-02-15,113.3710828535655
2012-02-16,113.44852085742643
2012-02-17,113.74791452983469
2012-02-18,113.71456610865695
2012-02-19,113.6812274645129
2012-02-20,113.64789859453617
2012-02-21,113.61457949586118
2012-02-22,113.89773342350648
2012-02-23,113.95061543900769
2012-02-24,114.38963202985732
2012-02-25,114.35609547102838
2012-02-26,114.32256874439103
2012-02-27,114.28905184706271
2012-02-28,114.37979612747189
2012-02-29,113.88433639653834
2012-03-01,113.42826922605047
2012-03-02,112.45626849622161
2012-03-03,112.34443345080774
2012-03-04,112.2327096226479
2012-03-05,111.83953477776085
2012-03-06,110.8339731449855
2012-03-07,110.62770662891583
2012-03-08,110.79195632618892
2012-03-09,110.30934437303522
2012-03-10,110.19964439185588
2012-03-11,110.09005350466072
2012-03-12,109.3134695684725
2012-03-13,109.72397198647907
2012-03-14,109.03644375987176
2012-03-15,109.35663159064165
2012-03-16,109.62551812484334
2012-03-17,109.51649819236687
2012-03-18,109.40758667758254
2012-03-19,109.44839021581868
2012-03-20,109.00463574347394
2012-03-21,108.80957491747856
2012-03-22,108.54302199522763
2012-03-23,108.87059352323578
2012-03-24,108.76232434505906
2012-03-25,108.65416283796743
2012-03-26,108.80575532627053
2012-03-27,108.77385175124195
2012-03-28,108.29947498584677
2012-03-29,108.10804953061017
2012-03-30,108.3715499171048
2012-03-31,108.26377702575229
2012-04-01,108.20579464846764
2012-04-02,108.14784332456178
2012-04-03,108.1721431591601
2012-04-04,107.80982819320899
2012-04-05,107.75208893539792
2012-04-06,107.6943806007591
2012-04-07,107.63670317273126
2012-04-08,107.57905663476176
2012-04-09,107.50550247611012
2012-04-10,107.11158476648122
2012-04-11,107.20022756349769
2012-04-12,107.63903812308027
2012-04-13,107.0686485320524
2012-04-14,107.01130622472583
2012-04-15,106.9539946279785
2012-04-16,106.93136010288686
2012-04-17,106.79119883318164
2012-04-18,106.07120250017672
2012-04-19,105.86565101498353
2012-04-20,106.50915060479748
2012-04-21,106.45210794543078
2012-04-22,106.39509583616207
2012-04-23,105.74037844948154
2012-04-24,106.13623195948772
2012-04-25,106.00623532595066
2012-04-26,106.04241461947304
2012-04-27,106.24170535491533
2012-04-28,106.18480593008009
2012-04-29,106.12793697863134
2012-04-30,106.07109848424858
2012-05-01,106.01164439642426
2012-05-02,105.21218723660493
2012-05-03,105.05295588829514
2012-05-04,104.96204508678619
2012-05-05,104.90321165395235
2012-05-06,104.84441119849448
2012-05-07,104.93410278747417
2012-05-08,104.47946772844459
2012-05-09,103.93094494895485
2012-05-10,103.89720568320135
2012-05-11,103.75784970807884
2012-05-12,103.69969125206995
2012-05-13,103.64156539509828
2012-05-14,102.67306799175002
2012-05-15,102.18559823540123
2012-05-16,102.01205321457942
2012-05-17,102.17296463112744
2012-05-18,101.41246176388974
2012-05-19,101.35561794712945
2012-05-20,101.29880599252341
2012-05-21,101.36202997703631
2012-05-22,101.12449492557293
2012-05-23,100.71579028145163
2012-05-24,100.63736091744569
2012-05-25,100.58095156100435
2012-05-26,100.5245738231932
2012-05-27,100.46822768628927
2012-05-28,101.75203335965774
2012-05-29,101.13198416360977
2012-05-30,100.3971428040832
2012-05-31,100.24824028103987
2012-06-01,99.82779889511644
2012-06-02,99.7833525941343
2012-06-03,99.73892608196546
2012-06-04,99.87466395919347
2012-06-05,100.28159358052291
2012-06-06,100.92404130927197
2012-06-07,100.61572373208949
2012-06-08,100.36921654301763
2012-06-09,100.3245291868184
2012-06-10,100.27986172675737
2012-06-11,99.98136285545749
2012-06-12,99.7180484655875
2012-06-13,99.823830713705
2012-06-14,99.7258596918883
2012-06-15,100.43059066303013
2012-06-16,103.19498511430356
2012-06-17,103.14903964201025
2012-06-18,99.86357007723556
2012-06-19,100.81264955857444
2012-06-20,100.76776477282657
2012-06-21,100.00741047672035
2012-06-22,99.86190650991178
2012-06-23,99.81744502320655
2012-06-24,99.77300333207569
2012-06-25,99.44300941928829
2012-06-26,99.4071155471832
2012-06-27,99.16086360657289
2012-06-28,98.94344099659509
2012-06-29,101.07410784231814
2012-06-30,101.02910664757701
2012-07-01,100.98532077551263
2012-07-02,101.28191009298446
2012-07-03,101.11447604062687
2012-07-04,100.39686531572744
2012-07-05,100.46663201653115
2012-07-06,99.82354141153897
2012-07-07,99.78022329027297
2012-07-08,99.7369239667735
2012-07-09,99.69364343288342
2012-07-10,99.8311446371311
2012-07-11,99.82481951388009
2012-07-12,99.59330196186318
2012-07-13,99.91593903972137
2012-07-14,99.87258082278649
2012-07-15,99.82924142101756
2012-07-16,99.86727941170155
2012-07-17,100.1209510194111
2012-07-18,100.30886802333383
2012-07-19,100.37725771201096
2012-07-20,100.05539710734578
2012-07-21,100.01197837300786
2012-07-22,99.96857848009726
2012-07-23,99.61772050475028
2012-07-24,99.25355386354201
2012-07-25,99.55387289353992
2012-07-26,100.20010454978203
2012-07-27,100.48573121722062
2012-07-28,100.44212574070856
2012-07-29,100.39853918666002
2012-07-30,100.06905138146291
2012-07-31,100.07832984318368
2012-08-01,100.15515226064645
2012-08-02,99.62009648057972
2012-08-03,100.5497972785103
2012-08-04,100.50147053909173
2012-08-05,100.45316702670901
2012-08-06,100.53802318021023
2012-08-07,100.6751570739647
2012-08-08,100.67851563529703
2012-08-09,100.6781585581528
2012-08-10,100.62527510474592
2012-08-11,100.5769120888023
2012-08-12,100.52857231732992
2012-08-13,100.41917421351934
2012-08-14,100.34688221859372
2012-08-15,100.35337805688582
2012-08-16,100.4756936511981
2012-08-17,100.53993760387196
2012-08-18,100.49161560325888
2012-08-19,100.44331682740403
2012-08-20,100.39504126514495
2012-08-21,100.68086294423428
2012-08-22,100.58719043581151
2012-08-23,100.60410485226842
2012-08-24,100.70694803562003
2012-08-25,100.65854576562967
2012-08-26,100.61016675897696
2012-08-27,100.45927443299676
2012-08-28,100.28653863346455
2012-08-29,100.06277047113015
2012-08-30,100.03337564752609
2012-08-31,100.60688549498542
2012-09-01,100.5621911424943
2012-09-02,100.51751664535536
2012-09-03,100.63247435744398
2012-09-04,100.43497441841242
2012-09-05,100.51787014199436
2012-09-06,100.85260123711184
2012-09-07,101.34088242545435
2012-09-08,101.29586199669743
2012-09-09,101.25086156815122
2012-09-10,101.27641113206502
2012-09-11,101.52437234354383
2012-09-12,101.55552837428586
2012-09-13,101.80026150526949
2012-09-14,102.36493971499077
2012-09-15,102.3194643513927
2012-09-16,102.27400919010898
2012-09-17,101.99435230274312
2012-09-18,101.93281390163173
2012-09-19,102.09426917215609
2012-09-20,101.83206240191642
2012-09-21,101.9887577843373
2012-09-22,101.94344953860322
2012-09-23,101.89816142094188
2012-09-24,101.8528934224114
2012-09-25,101.7890060283809
2012-09-26,101.4697313654989
2012-09-27,101.63551341541628
2012-09-28,101.67867375964012
2012-09-29,101.63350326794381
2012-09-30,101.5883528431233
2012-10-01,101.74602017736278
2012-10-02,101.66228604251388
2012-10-03,101.68939807869477
2012-10-04,102.06493991035097
2012-10-05,101.9574636158164
2012-10-06,101.91466947576615
2012-10-07,101.87189329750468
2012-10-08,101.82913507349294
2012-10-09,101.47771846968827
2012-10-10,101.40493451616233
2012-10-11,101.641177745031
2012-10-12,101.66181820197495
2012-10-13,101.61914815182259
2012-10-14,101.57649601137528
2012-10-15,101.75972025346522
2012-10-16,101.97572734764917
2012-10-17,102.19130783749564
2012-10-18,102.19856706537318
2012-10-19,102.01251472485701
2012-10-20,101.96969747845648
2012-10-21,101.92689820354306
2012-10-22,102.00711504803823
2012-10-23,101.749444039524
2012-10-24,101.8515498929598
2012-10-25,101.90465024643396
2012-10-26,101.76693336489748
2012-10-27,101.72421919523835
2012-10-28,101.6815229538024
2012-10-29,101.57034118390347
2012-10-30,101.8045905798906
2012-10-31,101.85499645227496
2012-11-01,101.82445107761356
2012-11-02,101.55133398693484
2012-11-03,101.48923610722753
2012-11-04,101.42717619990836
2012-11-05,101.18157979607662
2012-11-06,101.11970801828613
2012-11-07,101.11243884870646
2012-11-08,100.98539941292152
2012-11-09,100.82904669926893
2012-11-10,100.76739049282524
2012-11-11,100.70577198868973
2012-11-12,100.62465040868871
2012-11-13,100.13851130348954
2012-11-14,100.27864320517929
2012-11-15,100.38426682756038
2012-11-16,100.19505528649258
2012-11-17,100.13378676104668
2012-11-18,100.07255570084493
2012-11-19,100.35391276823012
2012-11-20,100.32268181599477
2012-11-21,100.2226937709859
2012-11-22,100.37394337719485
2012-11-23,100.64127456994069
2012-11-24,100.57973318474693
2012-11-25,100.51822943164903
2012-11-26,100.45676328763523
2012-11-27,100.50096467498241
2012-11-28,100.42706019541198
2012-11-29,100.31697323327376
2012-11-30,99.9729042727633
2012-12-01,99.9403336841128
2012-12-02,99.90781418651132
2012-12-03,100.12385216082352
2012-12-04,100.4322032276123
2012-12-05,100.71290841582336
2012-12-06,100.96615869365306
2012-12-07,100.9086430118269
2012-12-08,100.87580843690178
2012-12-09,100.84298454599023
2012-12-10,100.93739945987954
2012-12-11,101.16461555593241
2012-12-12,101.43975904123054
2012-12-13,101.26238035337485
2012-12-14,101.4461377965538
2012-12-15,101.41312832667168
2012-12-16,101.38012959771206
2012-12-17,101.26732739246206
2012-12-18,101.55929925538977
2012-12-19,102.01534965757864
2012-12-20,102.18880483734047
2012-12-21,101.78805947641041
2012-12-22,101.75493874893252
2012-12-23,101.7218287985791
2012-12-24,101.68872962184341
2012-12-25,101.65564121521986
2012-12-26,102.09685497041576
2012-12-27,102.20399031931497
2012-12-28,102.32360011351322
2012-12-29,102.29030512693672
2012-12-30,102.25702097418667
2012-12-31,102.21381476162463
2013-01-01,102.16326495448031
2013-01-02,102.36949537408991
2013-01-03,102.4229099099542
2013-01-04,102.17550849661325
2013-01-05,102.12497763381919
2013-01-06,102.07447176104607
2013-01-07,102.36215373484963
2013-01-08,102.08168039207095
2013-01-09,102.1529054045179
2013-01-10,102.66351593303362
2013-01-11,102.72553559327689
2013-01-12,102.67473271477023
2013-01-13,102.62395496080978
2013-01-14,102.81882646614622
2013-01-15,102.6223409717723
2013-01-16,102.28698121233266
2013-01-17,102.48814167792837
2013-01-18,102.27348309743793
2013-01-19,102.22290378133856
2013-01-20,102.17234947922262
2013-01-21,102.28499644610953
2013-01-22,102.19149711754191
2013-01-23,102.43299099046179
2013-01-24,102.5310106870367
2013-01-25,102.56709292360058
2013-01-26,102.51636840286204
2013-01-27,102.4656689679179
2013-01-28,103.03959370130646
2013-01-29,103.46097824040727
2013-01-30,103.5755236341413
2013-01-31,103.52430039433966
2013-02-01,103.79603228279211
2013-02-02,103.76006725224852
2013-02-03,103.72411468348588
2013-02-04,103.2963764525099
2013-02-05,103.5038266055656
2013-02-06,103.39123588893531
2013-02-07,103.63026663848625
2013-02-08,103.52108287627462
2013-02-09,103.4852131149199
2013-02-10,103.44935578233563
2013-02-11,103.41351087421533
2013-02-12,103.37767838625396
2013-02-13,103.76385580322673
2013-02-14,103.65202350141305
2013-02-15,103.64223533414203
2013-02-16,103.60632359380455
2013-02-17,103.57042429678316
2013-02-18,103.68387215095123
2013-02-19,103.89093250553849
2013-02-20,103.8549345923371
2013-02-21,103.21950118763456
2013-02-22,103.32627889224075
2013-02-23,103.29047662991351
2013-02-24,103.25468677296854
2013-02-25,103.29025648525949
2013-02-26,102.79310189078366
2013-02-27,103.08858242489367
2013-02-28,103.17429269330623
2013-03-01,102.91197669563982
2013-03-02,102.8491708897818
2013-03-03,102.78640341346885
2013-03-04,102.77839307964808
2013-03-05,103.1022000985114
2013-03-06,103.04874870556644
2013-03-07,103.2931114298209
2013-03-08,103.31202036464082
2013-03-09,103.24874862356468
2013-03-10,103.18551563222167
2013-03-11,103.25408855577957
2013-03-12,103.20074550921802
2013-03-13,103.02423849283132
2013-03-14,103.11537345712193
2013-03-15,103.12016394745658
2013-03-16,103.05700970567536
2013-03-17,102.9938941416668
2013-03-18,102.70362118521383
2013-03-19,102.54062411776796
2013-03-20,102.53626366028199
2013-03-21,102.21597632789057
2013-03-22,102.37286527856224
2013-03-23,102.31016870751206
2013-03-24,102.24751053394165
2013-03-25,102.19469152512283
2013-03-26,102.1707607163163
2013-03-27,101.99737042039612
2013-03-28,101.93490381497199
2013-03-29,101.87247546618896
2013-03-30,101.8100853506174
2013-03-31,101.74773344484198
2013-04-01,101.69270701398214
2013-04-02,101.63771034209567
2013-04-03,101.65225625295268
2013-04-04,102.0261544701635
2013-04-05,102.37384112608683
2013-04-06,102.31847608846034
2013-04-07,102.26314099292999
2013-04-08,102.34290380149356
2013-04-09,102.57640036917842
2013-04-10,102.67450705997605
2013-04-11,102.88609125969197
2013-04-12,103.00704295130699
2013-04-13,102.95133547031321
2013-04-14,102.89565811661316
2013-04-15,102.60199832773338
2013-04-16,102.6240256478046
2013-04-17,102.06792576760795
2013-04-18,101.8076000545114
2013-04-19,102.0467657268654
2013-04-20,101.99157757565429
2013-04-21,101.93641927087695
2013-04-22,101.6572790576453
2013-04-23,101.49249059773113
2013-04-24,101.70938182237457
2013-04-25,101.88684131624026
2013-04-26,102.13183976552533
2013-04-27,102.07660560522345
2013-04-28,102.02140131623759
2013-04-29,102.0947880235356
2013-04-30,102.3480751317259
2013-05-01,102.29885410794799
2013-05-02,102.01532035162319
2013-05-03,102.20058780188704
2013-05-04,102.15146048386299
2013-05-05,102.10235678109815
2013-05-06,102.06709033315869
2013-05-07,102.27069392407489
2013-05-08,102.49617271514823
2013-05-09,102.54069400069568
2013-05-10,101.79373006861266
2013-05-11,101.74479832509246
2013-05-12,101.6958901028198
2013-05-13,101.96175851000582
2013-05-14,101.74664282286258
2013-05-15,101.23114046942567
2013-05-16,101.2515279140492
2013-05-17,100.97035256026943
2013-05-18,100.92181661025275
2013-05-19,100.87330399122763
2013-05-20,101.12465586437736
2013-05-21,101.08549526767297
2013-05-22,100.78652373861856
2013-05-23,101.07533182816795
2013-05-24,100.92414990506822
2013-05-25,100.8756361644398
2013-05-26,100.827145744127
2013-05-27,100.80600193063705
2013-05-28,100.23528274660293
2013-05-29,99.668946016031
2013-05-30,99.77409837455359
2013-05-31,99.20245982362813
2013-06-01,99.14241451979665
2013-06-02,99.08240556021025
2013-06-03,99.36579040102929
2013-06-04,99.14574769525913
2013-06-05,99.36685919412547
2013-06-06,99.76185222264952
2013-06-07,99.5445229352863
2013-06-08,99.48427058736029
2013-06-09,99.42405470899904
2013-06-10,99.29254585793134
2013-06-11,99.37525447443136
2013-06-12,99.57151077757919
2013-06-13,99.83748188628732
2013-06-14,99.93165913627266
2013-06-15,99.87117246239488
2013-06-16,99.81072239991488
2013-06-17,99.51292070560172
2013-06-18,99.32487419121576
2013-06-19,99.28517385339899
2013-06-20,99.22507848438707
2013-06-21,99.1650194899237
2013-06-22,99.10499684799211
2013-06-23,99.04501053658876
2013-06-24,97.46365545915772
2013-06-25,97.65116762200408
2013-06-26,98.0636488592321
2013-06-27,98.39928855734208
2013-06-28,97.9233049099688
2013-06-29,97.86403385352568
2013-06-30,97.80479867269085
2013-07-01,97.82783764401725
2013-07-02,97.2613958132874
2013-07-03,97.03670882780986
2013-07-04,96.92704804764851
2013-07-05,96.56166671008572
2013-07-06,96.49735476317942
2013-07-07,96.43308564927979
2013-07-08,96.6397352733307
2013-07-09,96.57537133124386
2013-07-10,96.2982880518437
2013-07-11,96.89007579960821
2013-07-12,96.97926842579339
2013-07-13,96.91467834802748
2013-07-14,96.85013128850878
2013-07-15,97.33653830960685
2013-07-16,97.40942811435343
2013-07-17,97.78101149509607
2013-07-18,97.9697863708694
2013-07-19,97.94555401551132
2013-07-20,97.88032037276086
2013-07-21,97.81513017688442
2013-07-22,97.7762249710965
2013-07-23,98.12212246766701
2013-07-24,97.42366871707938
2013-07-25,97.65969461835783
2013-07-26,97.75640140563212
2013-07-27,97.69129374219642
2013-07-28,97.62622944173008
2013-07-29,97.46295229365153
2013-07-30,97.28676297028504
2013-07-31,97.14433018054513
2013-08-01,96.90899634767923
2013-08-02,97.34958801671539
2013-08-03,97.30079395487004
2013-08-04,97.25202434983566
2013-08-05,96.8736594071522
2013-08-06,97.20093366759899
2013-08-07,97.16016199487414
2013-08-08,97.77730164195991
2013-08-09,97.82967170257207
2013-08-10,97.78063701070933
2013-08-11,97.73162689626736
2013-08-12,97.66439519610547
2013-08-13,97.18460282145543
2013-08-14,97.123433020217
2013-08-15,96.98686646895628
2013-08-16,96.38329704292526
2013-08-17,96.33498731041811
2013-08-18,96.28670179196385
2013-08-19,96.23844047542582
2013-08-20,96.11142827989366
2013-08-21,95.54341415820696
2013-08-22,95.63552482547573
2013-08-23,96.77958802269643
2013-08-24,96.73107965918348
2013-08-25,96.68259560928237
2013-08-26,96.3561548418461
2013-08-27,96.51147005184878
2013-08-28,97.36963726082382
2013-08-29,96.67497748578405
2013-08-30,96.48254957816343
2013-08-31,96.43419009778941
2013-09-01,96.37174030399461
2013-09-02,96.30933095204662
2013-09-03,96.7595669565518
2013-09-04,97.15769374876757
2013-09-05,97.33157200865811
2013-09-06,97.9718087645082
2013-09-07,97.90836322461367
2013-09-08,97.84495877140095
2013-09-09,98.35548282127718
2013-09-10,98.40637935137654
2013-09-11,98.86578731168562
2013-09-12,98.69179376350158
2013-09-13,98.61839887453809
2013-09-14,98.5545346095109
2013-09-15,98.49071170232764
2013-09-16,98.81852516372129
2013-09-17,99.22200033441224
2013-09-18,100.20669623549483
2013-09-19,100.58187264353806
2013-09-20,100.50046179185803
2013-09-21,100.43537872216233
2013-09-22,100.37033779959597
2013-09-23,100.71477194345245
2013-09-24,100.6740605578728
2013-09-25,100.06700648736874
2013-09-26,99.77602858529693
2013-09-27,99.6086685059421
2013-09-28,99.54416295244431
2013-09-29,99.47969917208226
2013-09-30,100.07014316493905
2013-10-01,100.09260387650068
2013-10-02,100.54725865728815
2013-10-03,100.68801207843411
2013-10-04,100.49677525873086
2013-10-05,100.40977113420892
2013-10-06,100.32284233267785
2013-10-07,100.41843470615994
2013-10-08,100.32355132907007
2013-10-09,100.10091696645036
2013-10-10,100.83857491070117
2013-10-11,100.68580929225293
2013-10-12,100.59864151331972
2013-10-13,100.5115491990596
2013-10-14,100.42453228413974
2013-10-15,100.38092434792536
2013-10-16,100.83356804846176
2013-10-17,101.11290287685462
2013-10-18,100.95458023240917
2013-10-19,100.86717976759836
2013-10-20,100.77985496890625
2013-10-21,100.71467982761759
2013-10-22,100.8523142567592
2013-10-23,100.51402045788373
2013-10-24,100.24921038816466
2013-10-25,100.65755659058865
2013-10-26,100.57041327116241
2013-10-27,100.48334539523364
2013-10-28,100.5414922062391
2013-10-29,100.44403018746935
2013-10-30,100.52044088658363
2013-10-31,99.3893918150332
2013-11-01,99.04246813286633
2013-11-02,98.96451457402378
2013-11-03,98.8866223702489
2013-11-04,99.30039672407976
2013-11-05,98.65600070077637
2013-11-06,98.5783513196495
2013-11-07,97.85663749544543
2013-11-08,97.83429288399952
2013-11-09,97.75729024613189
2013-11-10,97.68034821488862
2013-11-11,97.47586927602775
2013-11-12,97.48897867695199
2013-11-13,97.52246604571249
2013-11-14,97.92635997178826
2013-11-15,98.05399442067677
2013-11-16,97.97681886186936
2013-11-17,97.89970404578754
2013-11-18,98.8437447588862
2013-11-19,99.33417070012416
2013-11-20,99.13911860571169
2013-11-21,98.67061626333626
2013-11-22,99.37489987954619
2013-11-23,99.29668467296591
2013-11-24,99.21853102738895
2013-11-25,99.14043889436233
2013-11-26,99.19197934736181
2013-11-27,99.02389799475948
2013-11-28,98.99828564600914
2013-11-29,98.97518320982897
2013-11-30,98.89728260906904
2013-12-01,98.82896069112155
2013-12-02,98.60824530495167
2013-12-03,98.63252978159863
2013-12-04,98.83334936976684
2013-12-05,99.67682597782829
2013-12-06,100.52843061638468
2013-12-07,100.45889281492141
2013-12-08,100.38940311433673
2013-12-09,100.61495479139538
2013-12-10,101.04072344792424
2013-12-11,100.74214921490284
2013-12-12,100.46635311635299
2013-12-13,100.66296616406103
2013-12-14,100.59333530130014
2013-12-15,100.5237526037904
2013-12-16,101.06355106601357
2013-12-17,101.38083702981962
2013-12-18,101.67301639655963
2013-12-19,101.5866564981162
2013-12-20,101.53760898920525
2013-12-21,101.46737311611291
2013-12-22,101.39718582677114
2013-12-23,101.81327818030834
2013-12-24,101.74285162056785
2013-12-25,101.67247377648016
2013-12-26,102.28564820630612
2013-12-27,102.79110294409347
2013-12-28,102.72000000072819
2013-12-29,102.64894624088572
2013-12-30,102.8401029004959
2013-12-31,102.6898047196664
2014-01-01,102.55604680101236
2014-01-02,102.1597322817055
2014-01-03,102.31669347657855
2014-01-04,102.18342155147997
2014-01-05,102.05032321883645
2014-01-06,102.59189783514768
2014-01-07,102.56565498605008
2014-01-08,102.13479882611492
2014-01-09,102.21819938775477
2014-01-10,103.33188346309632
2014-01-11,103.19728920906735
2014-01-12,103.06287026988419
2014-01-13,103.55151960904463
2014-01-14,103.74856274105981
2014-01-15,104.18819062984875
2014-01-16,104.05664732009143
2014-01-17,104.36813729184775
2014-01-18,104.23219327232151
2014-01-19,104.09642632576912
2014-01-20,104.59819133433248
2014-01-21,104.91153513570217
2014-01-22,108.42454145128669
2014-01-23,117.22667533706452
2014-01-24,120.75960866262825
2014-01-25,120.60231404164534
2014-01-26,120.44522430371947
2014-01-27,120.05749702612422
2014-01-28,119.83255836735755
2014-01-29,119.37933959248295
2014-01-30,119.58580199171271
2014-01-31,119.18098856867762
2014-02-01,118.97470428873034
2014-02-02,118.76877705569689
2014-02-03,118.14343256784015
2014-02-04,118.4121063453164
2014-02-05,116.87091167314132
2014-02-06,116.8068508144511
2014-02-07,116.06522519152769
2014-02-08,115.8643338271155
2014-02-09,115.66379017529536
2014-02-10,114.88644611548015
2014-02-11,114.50192489305651
2014-02-12,113.81002741758215
2014-02-13,113.96247527353151
2014-02-14,113.65746059029595
2014-02-15,113.46073670253433
2014-02-16,113.26435331409243
2014-02-17,113.07967350729393
2014-02-18,113.0003418542296
2014-02-19,112.74639539118286
2014-02-20,113.39588340293388
2014-02-21,113.94845763922694
2014-02-22,113.75123007955064
2014-02-23,113.55434389097402
2014-02-24,113.81521972154309
2014-02-25,113.83885390188165
2014-02-26,113.22427219769374
2014-02-27,113.55398466462712
2014-02-28,113.33656430625581
2014-03-01,113.21035006697771
2014-03-02,113.08427638281783
2014-03-03,112.95834309725079
2014-03-04,112.83237185757689
2014-03-05,112.85764646263488
2014-03-06,113.07414893308543
2014-03-07,112.193143202105
2014-03-08,112.06802531400079
2014-03-09,111.9430469574711
2014-03-10,111.74128973120312
2014-03-11,111.41908253274222
2014-03-12,111.31305384369652
2014-03-13,111.40055031839215
2014-03-14,111.49876943143038
2014-03-15,111.37442590954197
2014-03-16,111.25022105565425
2014-03-17,111.67510282716489
2014-03-18,112.09908674567109
2014-03-19,111.97854176031426
2014-03-20,111.83725312773032
2014-03-21,111.97877382603872
2014-03-22,111.8538950028438
2014-03-23,111.72915544461806
2014-03-24,111.60455499605308
2014-03-25,112.48986082693474
2014-03-26,112.14487237250508
2014-03-27,112.74104242999441
2014-03-28,112.85461455209906
2014-03-29,112.72875899058636
2014-03-30,112.60304378330224
2014-03-31,112.36557951239467
2014-04-01,112.38973235941347
2014-04-02,112.30417975792915
2014-04-03,111.58934307283756
2014-04-04,112.27371302612559
2014-04-05,112.18824874014466
2014-04-06,112.10284951074712
2014-04-07,112.44075677382772
2014-04-08,112.98226184113531
2014-04-09,112.74811865191732
2014-04-10,113.2326116033411
2014-04-11,112.63524558337483
2014-04-12,112.54950609386647
2014-04-13,112.46383187043017
2014-04-14,112.26082015837736
2014-04-15,111.65933881131159
2014-04-16,111.47465974940576
2014-04-17,111.38980371370815
2014-04-18,111.3050122715855
2014-04-19,111.2202853738683
2014-04-20,111.13562297142452
2014-04-21,111.02650722882284
2014-04-22,110.75547376934267
2014-04-23,110.91896527782674
2014-04-24,110.95658740629568
2014-04-25,110.47745575872369
2014-04-26,110.39335880834302
2014-04-27,110.3093258737112
2014-04-28,110.50174590567927
2014-04-29,110.39248178853668
2014-04-30,110.24920691826804
2014-05-01,110.17263515247417
2014-05-02,110.0960580899897
2014-05-03,110.01953425348545
2014-05-04,109.94306360596595
2014-05-05,109.7941699521092
2014-05-06,110.20849086932974
2014-05-07,110.16941766535146
2014-05-08,110.51011159335577
2014-05-09,109.95998598723216
2014-05-10,109.88355672958497
2014-05-11,109.80718059518415
2014-05-12,109.88784641005063
2014-05-13,110.03225893196426
2014-05-14,110.21905847636948
2014-05-15,110.12658418342565
2014-05-16,110.2639706298272
2014-05-17,110.1873300833156
2014-05-18,110.11074280690968
2014-05-19,110.20197720961194
2014-05-20,109.92654649933418
2014-05-21,109.9195049789459
2014-05-22,109.77822564898531
2014-05-23,109.55977884065369
2014-05-24,109.48362775269564
2014-05-25,109.40752959463813
2014-05-26,109.37066245354524
2014-05-27,108.87302666054926
2014-05-28,108.91341581469996
2014-05-29,109.20794160573546
2014-05-30,108.87327280289938
2014-05-31,108.79759888076093
2014-06-01,108.73232143474722
2014-06-02,108.20664866531806
2014-06-03,108.07822671274326
2014-06-04,107.9671012201032
2014-06-05,108.652059987792
2014-06-06,108.91018431547425
2014-06-07,108.84483931935182
2014-06-08,108.77953352955838
2014-06-09,109.02239146771467
2014-06-10,108.82262337671129
2014-06-11,108.69614038716573
2014-06-12,108.75575925829699
2014-06-13,108.68954165767701
2014-06-14,108.62432904489143
2014-06-15,108.5591555590062
2014-06-16,108.40716514639439
2014-06-17,107.72805373916827
2014-06-18,108.09067668751693
2014-06-19,108.3587530690906
2014-06-20,108.29373892607322
2014-06-21,108.22876379087639
2014-06-22,108.16382764009577
2014-06-23,108.34595038440322
2014-06-24,108.11536735851656
2014-06-25,108.42298290553668
2014-06-26,108.39729919206546
2014-06-27,108.52020968266949
2014-06-28,108.45509866733616
2014-06-29,108.39002671794573
2014-06-30,108.3319790031841
2014-07-01,108.4327322448573
2014-07-02,107.96187245146321
2014-07-03,107.95757828980751
2014-07-04,107.9245296556576
2014-07-05,107.86109446278118
2014-07-06,107.79769655543853
2014-07-07,107.62176145834607
2014-07-08,107.73967898466942
2014-07-09,107.67635244214343
2014-07-10,107.55880100341106
2014-07-11,107.46650964425204
2014-07-12,107.40334366346167
2014-07-13,107.34021480996934
2014-07-14,107.42976995360804
2014-07-15,107.0785081810709
2014-07-16,106.95896004651206
2014-07-17,106.59433165083507
2014-07-18,106.8089665582264
2014-07-19,106.74618706392451
2014-07-20,106.68344446975408
2014-07-21,106.7106322537614
2014-07-22,106.86306090681279
2014-07-23,106.71467250025776
2014-07-24,106.74953163812162
2014-07-25,106.48592360259453
2014-07-26,106.42333398442427
2014-07-27,106.36078115478125
2014-07-28,106.45209047858089
2014-07-29,106.3370733120104
2014-07-30,105.76088027913526
2014-07-31,105.7465329748424
2014-08-01,105.95178653824418
2014-08-02,105.88172140777684
2014-08-03,105.81170261086051
2014-08-04,106.17111430603305
2014-08-05,105.63478021661983
2014-08-06,105.6978378414464
2014-08-07,105.45636414130068
2014-08-08,105.52477026836866
2014-08-09,105.45498752059292
2014-08-10,105.38525091963061
2014-08-11,105.47225887044864
2014-08-12,105.42654506387031
2014-08-13,105.35438234843879
2014-08-14,105.43513361750148
2014-08-15,105.50996732015876
2014-08-16,105.44019436146282
2014-08-17,105.37046754310691
2014-08-18,105.30078683457873
2014-08-19,105.40732068673356
2014-08-20,105.59062566429844
2014-08-21,106.42437663263316
2014-08-22,105.99373037736414
2014-08-23,105.92363750974715
2014-08-24,105.85359099402353
2014-08-25,105.5622482223273
2014-08-26,105.75214525095811
2014-08-27,105.85778722507766
2014-08-28,106.06398562562723
2014-08-29,106.01296477476619
2014-08-30,105.94285918758486
2014-08-31,105.87279996070829
2014-09-01,105.77053561945348
2014-09-02,105.64942053237496
2014-09-03,105.68359177445616
2014-09-04,105.08532095882357
2014-09-05,105.19729422204517
2014-09-06,105.10475878221048
2014-09-07,105.01230473997909
2014-09-08,104.21730423412893
2014-09-09,103.85044405925544
2014-09-10,103.46315995623907
2014-09-11,103.6003193583092
2014-09-12,102.67231605559182
2014-09-13,102.58200168015736
2014-09-14,102.49176674859568
2014-09-15,102.23144460980092
2014-09-16,102.58352002407018
2014-09-17,102.14196812089835
2014-09-18,101.84343403933734
2014-09-19,101.50261350567604
2014-09-20,101.41332804396734
2014-09-21,101.3241211210607
2014-09-22,100.9326713176388
2014-09-23,100.65915901102444
2014-09-24,100.54462778881192
2014-09-25,100.05020977862632
2014-09-26,100.19770396945023
2014-09-27,100.10956635454471
2014-09-28,100.0215062687527
2014-09-29,99.68194895558108
2014-09-30,98.90444806420416
2014-10-01,98.78459327045269
2014-10-02,98.81794126351528
2014-10-03,98.6093769681583
2014-10-04,98.55851331105247
2014-10-05,98.50767588990608
2014-10-06,99.40477576051447
2014-10-07,99.83645195237605
2014-10-08,99.7537617397752
2014-10-09,100.10292161893442
2014-10-10,99.6901679967047
2014-10-11,99.63874685727858
2014-10-12,99.58735224136657
2014-10-13,99.53598413528762
2014-10-14,99.77822403312307
2014-10-15,99.12682013633734
2014-10-16,98.92819809374427
2014-10-17,99.21870681477479
2014-10-18,99.16752885952275
2014-10-19,99.11637730234811
2014-10-20,98.97804001749289
2014-10-21,98.68425090824495
2014-10-22,98.28100023796331
2014-10-23,97.92568636358547
2014-10-24,98.63312711815334
2014-10-25,98.58225121049364
2014-10-26,98.53140154511233
2014-10-27,97.82630274258206
2014-10-28,98.50012463585786
2014-10-29,98.67645798498181
2014-10-30,99.1895472661292
2014-10-31,98.0497212755037
2014-11-01,97.99773638071436
2014-11-02,97.9457790477503
2014-11-03,97.3665139468716
2014-11-04,97.25480769139999
2014-11-05,97.02814748657381
2014-11-06,96.9767042190859
2014-11-07,96.14339852441296
2014-11-08,96.0924243411928
2014-11-09,96.04147718392967
2014-11-10,96.23919994871177
2014-11-11,96.0067486931929
2014-11-12,95.98321447848977
2014-11-13,95.45421698580799
2014-11-14,95.48159900958917
2014-11-15,95.43097570526704
2014-11-16,95.38037924086971
2014-11-17,95.13642675424164
2014-11-18,95.38826102382745
2014-11-19,95.48711592454929
2014-11-20,95.49807511915617
2014-11-21,95.96429709185395
2014-11-22,95.91341786626356
2014-11-23,95.86256561628463
2014-11-24,95.81174032761506
2014-11-25,95.64051868491504
2014-11-26,96.16888086751239
2014-11-27,95.87791229129921
2014-11-28,94.84305534234385
2014-11-29,94.79277058692249
2014-11-30,94.74251249193102
2014-12-01,95.07734782752067
2014-12-02,94.64642029036874
2014-12-03,94.87623775714876
2014-12-04,94.5501792959625
2014-12-05,94.3099040577178
2014-12-06,94.27575400331085
2014-12-07,94.24161631479727
2014-12-08,94.20749098769929
2014-12-09,94.16922567131334
2014-12-10,93.94782754909666
2014-12-11,93.36074698226997
2014-12-12,93.20080434561139
2014-12-13,93.16705590136289
2014-12-14,93.13331967758282
2014-12-15,92.68063186023168
2014-12-16,92.1985765039666
2014-12-17,92.48175710680037
2014-12-18,92.7419804978713
2014-12-19,92.59551431697086
2014-12-20,92.5619850510538
2014-12-21,92.5284679262397
2014-12-22,92.4584747163537
2014-12-23,91.7664865947936
2014-12-24,91.90939087880099
2014-12-25,91.8761100613685
2014-12-26,91.84284129507459
2014-12-27,91.80958457555555
2014-12-28,91.77633989844914
2014-12-29,91.60271942926886
2014-12-30,92.26596970706208
2014-12-31,92.01387525781597
2015-01-01,91.96900350786552
2015-01-02,91.28346430043776
2015-01-03,91.23894874478678
2015-01-04,91.1944548977192
2015-01-05,90.65118093672378
2015-01-06,91.08667911720286
2015-01-07,91.0726821675066
2015-01-08,91.42629925077799
2015-01-09,91.7706991797977
2015-01-10,91.72594601778997
2015-01-11,91.68121468023737
2015-01-12,91.35330983074115
2015-01-13,91.60851659229414
2015-01-14,91.75887079915978
2015-01-15,91.46928869422213
2015-01-16,91.5018009532137
2015-01-17,91.4571789228853
2015-01-18,91.41257865306403
2015-01-19,91.21208964372998
2015-01-20,91.4142595261982
2015-01-21,91.49738513189692
2015-01-22,91.71849184883456
2015-01-23,91.31841325841063
2015-01-24,91.27388065945075
2015-01-25,91.22936977738561
2015-01-26,91.08284660305775
2015-01-27,91.40350874271357
2015-01-28,91.29365678319428
2015-01-29,90.66418890968203
2015-01-30,89.83332951578181
2015-01-31,89.78952113701337
2015-02-01,89.76827783757791
2015-02-02,89.70072939673068
2015-02-03,90.04479183383172
2015-02-04,89.4836226576269
2015-02-05,89.6882848298642
2015-02-06,89.00559289246675
2015-02-07,88.98453506258525
2015-02-08,88.96348221477494
2015-02-09,88.99054362817894
2015-02-10,88.52117757651729
2015-02-11,87.84284993846896
2015-02-12,88.66711176189823
2015-02-13,88.66890827785377
2015-02-14,88.64793010417262
2015-02-15,88.6269568937168
2015-02-16,88.60598864531201
2015-02-17,88.58502535778437
2015-02-18,88.36685095115578
2015-02-19,88.19695647647563
2015-02-20,88.19204345657339
2015-02-21,88.1711781043224
2015-02-22,88.15031768860432
2015-02-23,88.08139562934919
2015-02-24,88.56987809621528
2015-02-25,88.25050151854516
2015-02-26,87.92350524197239
2015-02-27,88.198420555023
2015-02-28,88.17755369401455
2015-03-01,88.13738175314272
2015-03-02,87.71480238153731
2015-03-03,87.66344123791964
2015-03-04,86.7222353564044
2015-03-05,86.33872940927255
2015-03-06,85.57186581705034
2015-03-07,85.53283150104362
2015-03-08,85.49381499086373
2015-03-09,84.94687787025735
2015-03-10,84.83934710669291
2015-03-11,84.31158098881019
2015-03-12,84.12144676835261
2015-03-13,83.04179240603351
2015-03-14,83.00391220398822
2015-03-15,82.96604928131113
2015-03-16,83.34211163181564
2015-03-17,82.93767751195264
2015-03-18,83.41048657094451
2015-03-19,82.93600810038066
2015-03-20,84.12550953077006
2015-03-21,84.08713498217399
2015-03-22,84.04877793844643
2015-03-23,84.01043839160232
2015-03-24,83.97211633366038
2015-03-25,84.50072945758701
2015-03-26,84.12276705972893
2015-03-27,83.95284450175157
2015-03-28,83.91454871573995
2015-03-29,83.87627039866861
2015-03-30,83.68558772286936
2015-03-31,83.73192154701631
2015-04-01,84.31716655043425
2015-04-02,84.26596298467832
2015-04-03,84.21479051348183
2015-04-04,84.16364911796191
2015-04-05,84.11253877924703
2015-04-06,84.9808485220738
2015-04-07,84.67726031920253
2015-04-08,84.99216933130565
2015-04-09,84.81974289564069
2015-04-10,84.35597352931724
2015-04-11,84.30474639711838
2015-04-12,84.2535503737902
2015-04-13,83.90095239497528
2015-04-14,84.54569177542778
2015-04-15,84.84050873611491
2015-04-16,85.35380957407476
2015-04-17,84.8259202254466
2015-04-18,84.77440770715683
2015-04-19,84.72292647104513
2015-04-20,84.81250395931437
2015-04-21,84.76145841347792
2015-04-22,84.92369119634469
2015-04-23,85.32310336627556
2015-04-24,85.6366527628985
2015-04-25,85.58464790836821
2015-04-26,85.53267463499867
2015-04-27,86.08900748249782
2015-04-28,86.2596529060309
2015-04-29,86.1968113024624
2015-04-30,85.58493365811643
2015-05-01,85.54120936495211
2015-05-02,85.4974845129692
2015-05-03,85.45378201118092
2015-05-04,84.72719297577306
2015-05-05,84.930854987917
2015-05-06,85.36068585304432
2015-05-07,85.3978540768978
2015-05-08,85.80498346385087
2015-05-09,85.76112378231014
2015-05-10,85.71728651988293
2015-05-11,85.05109402779513
2015-05-12,85.25821326647754
2015-05-13,85.60887533636102
2015-05-14,85.88946048023996
2015-05-15,86.0987782544332
2015-05-16,86.05476839809572
2015-05-17,86.01078103763444
2015-05-18,85.40051366980889
2015-05-19,85.02328249079734
2015-05-20,85.06817856946483
2015-05-21,84.967930970294
2015-05-22,84.21782725404428
2015-05-23,84.1747788559874
2015-05-24,84.13175246235213
2015-05-25,84.08874806189075
2015-05-26,83.28043643820989
2015-05-27,83.16204376620976
2015-05-28,83.11396990221701
2015-05-29,83.15367132488991
2015-05-30,83.11116687589382
2015-05-31,83.06868415327678
2015-06-01,82.80887152214488
2015-06-02,83.77679662563571
2015-06-03,83.83436630685478
2015-06-04,83.77403431013487
2015-06-05,83.35747602693185
2015-06-06,83.33486203717922
2015-06-07,83.3122541823596
2015-06-08,83.91511427390643
2015-06-09,84.15378307573904
2015-06-10,84.21982207234745
2015-06-11,83.9629330604425
2015-06-12,84.14503491648334
2015-06-13,84.12220727044566
2015-06-14,84.09938581730366
2015-06-15,84.03808203772499
2015-06-16,84.15385138738796
2015-06-17,84.45550154376929
2015-06-18,84.85512968425695
2015-06-19,84.5866572592338
2015-06-20,84.5637098057882
2015-06-21,84.54076857774078
2015-06-22,84.56235270213755
2015-06-23,84.14550460071607
2015-06-24,84.19645958798387
2015-06-25,83.9974349719488
2015-06-26,83.87967078036515
2015-06-27,83.85691512477324
2015-06-28,83.83416564254675
2015-06-29,84.02835109855432
2015-06-30,84.04661637882617
2015-07-01,83.50458610218026
2015-07-02,83.9256659349288
2015-07-03,83.6534888673093
2015-07-04,83.60862436729158
2015-07-05,83.56378392871339
2015-07-06,83.3611919494954
2015-07-07,82.75829185004784
2015-07-08,82.62574171310288
2015-07-09,82.58142840781528
2015-07-10,83.12686783596406
2015-07-11,83.08228576994392
2015-07-12,83.03772761389008
2015-07-13,83.10154957180167
2015-07-14,83.27784930265967
2015-07-15,83.01911446845843
2015-07-16,82.74441421292667
2015-07-17,82.29462526636078
2015-07-18,82.25048954331193
2015-07-19,82.20637749084959
2015-07-20,82.0509000014136
2015-07-21,82.52678678523876
2015-07-22,81.96746997924494
2015-07-23,81.57401717137759
2015-07-24,81.02288678506466
2015-07-25,80.97943311260194
2015-07-26,80.9360027449328
2015-07-27,80.91094661986278
2015-07-28,80.72911637310892
2015-07-29,81.24353102988641
2015-07-30,80.48938843743811
2015-07-31,80.36255309986228
2015-08-01,80.32409182052311
2015-08-02,80.28564894863803
2015-08-03,79.89702423294179
2015-08-04,79.58830116154026
2015-08-05,79.49623033942825
2015-08-06,79.15442670305556
2015-08-07,79.45446960222746
2015-08-08,79.41644292895441
2015-08-09,79.37843445513427
2015-08-10,79.87131610439293
2015-08-11,79.23803161176204
2015-08-12,79.52769389517798
2015-08-13,79.2135764426163
2015-08-14,79.43006084348339
2015-08-15,79.39204585216982
2015-08-16,79.35404905471822
2015-08-17,79.31607044242106
2015-08-18,79.19243034319358
2015-08-19,79.1767358179512
2015-08-20,79.49481747197427
2015-08-21,79.37616418093249
2015-08-22,79.33817498440156
2015-08-23,79.30020396938737
2015-08-24,79.12032764042019
2015-08-25,78.722199419537
2015-08-26,78.28783612799424
2015-08-27,78.80603581273652
2015-08-28,78.5382319922423
2015-08-29,78.50064382756933
2015-08-30,78.46307365248035
2015-08-31,78.26196411831894
2015-09-01,78.02649861376452
2015-09-02,77.43349229047026
2015-09-03,77.3595444958744
2015-09-04,76.78262750379213
2015-09-05,76.72521828386526
2015-09-06,76.6678519879518
2015-09-07,76.67482758601383
2015-09-08,76.8913797891613
2015-09-09,76.90668832956456
2015-09-10,76.83745904804681
2015-09-11,76.60888106628838
2015-09-12,76.55160175396908
2015-09-13,76.49436526853324
2015-09-14,76.56979640005073
2015-09-15,76.36449035875557
2015-09-16,76.80152339700689
2015-09-17,76.62534840312465
2015-09-18,76.34498772057674
2015-09-19,76.28790571735736
2015-09-20,76.23086639349637
2015-09-21,75.51554704102284
2015-09-22,74.92499991784646
2015-09-23,74.59736440547302
2015-09-24,74.66803201657389
2015-09-25,75.4389386671266
2015-09-26,75.38253410320654
2015-09-27,75.32617171213363
2015-09-28,74.86702885944861
2015-09-29,74.76375104642055
2015-09-30,75.25067355098788
2015-10-01,75.12384984577439
2015-10-02,75.58190466987446
2015-10-03,75.54578036101327
2015-10-04,75.50967331773563
2015-10-05,75.74602465618683
2015-10-06,76.26574731468251
2015-10-07,76.28190852852589
2015-10-08,76.58890691861082
2015-10-09,77.16387460504967
2015-10-10,77.12699419496563
2015-10-11,77.0901314118431
2015-10-12,77.05328624725726
2015-10-13,76.46222471242294
2015-10-14,76.57717337218787
2015-10-15,76.6784793549437
2015-10-16,76.65132737905569
2015-10-17,76.61469194049461
2015-10-18,76.5780740118111
2015-10-19,76.05864728814704
2015-10-20,76.01807090759783
2015-10-21,75.98341695982357
2015-10-22,75.57598496635862
2015-10-23,75.57806137508368
2015-10-24,75.54193890312206
2015-10-25,75.50583369586604
2015-10-26,75.55756461936065
2015-10-27,75.52065279756371
2015-10-28,75.62979146949489
2015-10-29,75.66225588369538
2015-10-30,75.82381246906081
2015-10-31,75.78757254056696
2015-11-01,75.73369963503906
2015-11-02,75.75211590418036
2015-11-03,76.29889011956166
2015-11-04,75.8662283058717
2015-11-05,75.98059681006652
2015-11-06,75.92658669499505
2015-11-07,75.87261497252187
2015-11-08,75.81868161535597
2015-11-09,75.40185476546907
2015-11-10,75.35593783102783
2015-11-11,75.48938393159318
2015-11-12,75.55494304704963
2015-11-13,75.18051993535283
2015-11-14,75.12707854763921
2015-11-15,75.07367514824918
2015-11-16,75.05026065059359
2015-11-17,75.0669932001625
2015-11-18,75.14111504479459
2015-11-19,75.67409586182168
2015-11-20,75.75281359589682
2015-11-21,75.69896539844811
2015-11-22,75.6451554785
2015-11-23,75.41685312461152
2015-11-24,75.61397228887618
2015-11-25,75.21638235495745
2015-11-26,75.14821348925432
2015-11-27,75.09479506628358
2015-11-28,75.04141461531219
2015-11-29,74.98807210934811
2015-11-30,74.04995062785234
2015-12-01,74.34316154458546
2015-12-02,74.31854598111252
2015-12-03,75.34195170890115
2015-12-04,75.21669478128968
2015-12-05,75.10522986795466
2015-12-06,74.99393013639134
2015-12-07,74.88279534181402
2015-12-08,74.77182523979971
2015-12-09,74.89640323443518
2015-12-10,74.40144887958556
2015-12-11,73.9304569684496
2015-12-12,73.82089815304606
2015-12-13,73.71150169473492
2015-12-14,73.70137677477835
2015-12-15,73.56500446751362
2015-12-16,73.45746092513322
2015-12-17,100.0
2015-12-18,98.49977892936359
2015-12-19,98.35381041328077
2015-12-20,98.20805821045184
2015-12-21,94.77815076760868
2015-12-22,95.701139334109
2015-12-23,95.98968082323832
2015-12-24,96.57820454500911
2015-12-25,96.43508364304762
2015-12-26,96.2921748344117
2015-12-27,96.14947780479659
2015-12-28,95.94943003424767
2015-12-29,95.24323986244374
2015-12-30,94.74598239311048
2015-12-31,94.86498806002065
2016-01-01,94.75337292222713
2016-01-02,94.63888082420495
2016-01-03,94.52452706891509
2016-01-04,94.62252580593429
2016-01-05,97.970756429659
2016-01-06,99.38840546900377
2016-01-07,99.1620434398357
2016-01-08,98.93124118039442
2016-01-09,98.81170089371798
2016-01-10,98.67448360746211
2016-01-11,96.84358996193977
2016-01-12,95.9289359314187
2016-01-13,96.13098043640532
2016-01-14,93.8215254203247
2016-01-15,94.50686282539355
2016-01-16,94.3926685896775
2016-01-17,94.27861233678173
2016-01-18,95.30216230351873
2016-01-19,94.267398016611
2016-01-20,94.01033833483002
2016-01-21,94.36914776616261
2016-01-22,95.38444054634073
2016-01-23,95.26918591866864
2016-01-24,95.15407055510637
2016-01-25,95.71738404425025
2016-01-26,96.15101141681029
2016-01-27,96.24174739326047
2016-01-28,96.0118384555956
2016-01-29,97.05262321166823
2016-01-30,96.93535289075649
2016-01-31,96.81822426955064
2016-02-01,98.11681722740386
2016-02-02,97.94273828704522
2016-02-03,98.98345846208943
2016-02-04,100.00351401834058
2016-02-05,100.56183549464244
2016-02-06,100.48209502018794
2016-02-07,100.40241777591649
2016-02-08,100.32280371168973
2016-02-09,100.24325277740908
2016-02-10,101.03055773923218
2016-02-11,101.6590650192752
2016-02-12,102.07955816211187
2016-02-13,101.99861420996625
2016-02-14,101.91773444230094
2016-02-15,102.33344657833159
2016-02-16,101.92508133230096
2016-02-17,103.56475767572442
2016-02-18,103.49337008669212
2016-02-19,103.42026514300629
2016-02-20,103.33825807770016
2016-02-21,103.25631603986952
2016-02-22,105.05735751877548
2016-02-23,105.06776006725349
2016-02-24,105.31068470801095
2016-02-25,105.72244154567734
2016-02-26,105.58177523790214
2016-02-27,105.49805420387557
2016-02-28,105.41439955641547
2016-02-29,107.63352994264837
2016-03-01,107.63595361960401
2016-03-02,107.22022834288995
2016-03-03,104.86239763275272
2016-03-04,105.62668660780838
2016-03-05,105.52202591198592
2016-03-06,105.41746891970278
2016-03-07,106.3395206771077
2016-03-08,106.62074810450916
2016-03-09,106.48286685834245
2016-03-10,106.92164730635412
2016-03-11,103.73390505569984
2016-03-12,103.63111983131972
2016-03-13,103.52843645215933
2016-03-14,102.9203393186065
2016-03-15,99.77295320508327
2016-03-16,99.98030761712985
2016-03-17,104.10838219071974
2016-03-18,103.02366835776238
2016-03-19,102.92158687473203
2016-03-20,102.81960653961598
2016-03-21,100.5515481817161
2016-03-22,99.96252327021111
2016-03-23,99.77273251381484
2016-03-24,99.67387223575103
2016-03-25,99.57510991385556
2016-03-26,99.47644545106805
2016-03-27,99.37787875042436
2016-03-28,101.85696509219207
2016-03-29,100.48480784775317
2016-03-30,100.70620174456567
2016-03-31,101.75306246844951
2016-04-01,102.24543820699014
2016-04-02,102.08857669641856
2016-04-03,101.93195583749784
2016-04-04,101.06672215569401
2016-04-05,100.05082448072801
2016-04-06,99.34434947716694
2016-04-07,97.99685727740766
2016-04-08,98.6345717154387
2016-04-09,98.4832498747269
2016-04-10,98.33216018689085
2016-04-11,99.43825156331754
2016-04-12,98.74547670376482
2016-04-13,97.99015923213584
2016-04-14,97.4219688670239
2016-04-15,95.13476975044543
2016-04-16,94.98881718813426
2016-04-17,94.84308854133265
2016-04-18,95.16837684283787
2016-04-19,95.7335414668036
2016-04-20,96.54464254969271
2016-04-21,95.79108654176262
2016-04-22,95.32320549393386
2016-04-23,95.17696383984624
2016-04-24,95.030946544783
2016-04-25,95.34184032893342
2016-04-26,95.315359768814
2016-04-27,94.23055236044269
2016-04-28,95.55579674565344
2016-04-29,95.48836962517854
2016-04-30,95.34187458183877
2016-05-01,95.22946876336115
2016-05-02,94.59343101251991
2016-05-03,93.86977920140845
2016-05-04,94.02737575887986
2016-05-05,93.67548553389557
2016-05-06,93.76288591889599
2016-05-07,93.65236425210088
2016-05-08,93.54197286114692
2016-05-09,92.96335712302799
2016-05-10,93.40261866254035
2016-05-11,93.46416354415645
2016-05-12,92.81735317559819
2016-05-13,92.00689050118764
2016-05-14,91.89843868898956
2016-05-15,91.79011471282101
2016-05-16,91.66741666828206
2016-05-17,91.66383239558206
2016-05-18,91.0596336757853
2016-05-19,90.20783118513059
2016-05-20,90.08483887760204
2016-05-21,89.9786526563894
2016-05-22,89.87259160067313
2016-05-23,89.11733907765267
2016-05-24,89.27960410450896
2016-05-25,89.17436704232027
2016-05-26,88.83958456395763
2016-05-27,87.93959707948014
2016-05-28,87.83593953149338
2016-05-29,87.73240416836545
2016-05-30,88.2260494653393
2016-05-31,87.89744877780794
2016-06-01,87.68366745917155
2016-06-02,87.36218489881774
2016-06-03,87.86972440293863
2016-06-04,87.79075175359065
2016-06-05,87.71185008067272
2016-06-06,87.36013451004044
2016-06-07,88.09627391949597
2016-06-08,89.07888113554876
2016-06-09,88.25812437733592
2016-06-10,87.50047906538222
2016-06-11,87.42183827416588
2016-06-12,87.34326816112306
2016-06-13,86.90027283749254
2016-06-14,86.26737970870933
2016-06-15,86.58308039301716
2016-06-16,87.33866265632209
2016-06-17,87.26016729711453
2016-06-18,87.18174248537392
2016-06-19,87.10338815769593
2016-06-20,87.02510425073322
2016-06-21,88.0881572351862
2016-06-22,88.76527091153359
2016-06-23,91.50094469267403
2016-06-24,93.4801563637562
2016-06-25,93.39614135563286
2016-06-26,93.31220185574426
2016-06-27,94.94066606707298
2016-06-28,93.25497641829068
2016-06-29,94.35756858121101
2016-06-30,94.9541156097451
2016-07-01,94.6398913592532
2016-07-02,94.592519814763
2016-07-03,94.54517198187257
2016-07-04,94.73855199693111
2016-07-05,92.41676440845823
2016-07-06,91.4403686522005
2016-07-07,91.3896097587619
2016-07-08,91.34386512716468
2016-07-09,91.29814339282376
2016-07-10,91.25244454427806
2016-07-11,91.05089009735296
2016-07-12,90.72316509944943
2016-07-13,90.78738412623413
2016-07-14,92.27090880165292
2016-07-15,93.15991010833638
2016-07-16,93.11327936137525
2016-07-17,93.06667195521125
2016-07-18,94.32946768710396
2016-07-19,93.13361312750361
2016-07-20,93.65940404591899
2016-07-21,93.02224874639933
2016-07-22,92.28846021074021
2016-07-23,92.24226566385288
2016-07-24,92.19609423942482
2016-07-25,92.32869477912784
2016-07-26,92.39584454265281
2016-07-27,92.45090911082548
2016-07-28,93.02445214225506
2016-07-29,93.33742790855241
2016-07-30,93.29070830590634
2016-07-31,93.24401208853365
2016-08-01,92.55205208628546
2016-08-02,92.26864417287517
2016-08-03,92.35449480900199
2016-08-04,92.55883333698351
2016-08-05,92.30439469463366
2016-08-06,92.30951629676036
2016-08-07,92.3146381830643
2016-08-08,91.62194860308128
2016-08-09,92.48620696745343
2016-08-10,92.32777490596621
2016-08-11,92.09031339502535
2016-08-12,91.92337210393562
2016-08-13,91.92847256464086
2016-08-14,91.93357330835032
2016-08-15,91.93867433507961
2016-08-16,92.26062127086819
2016-08-17,92.31907370212673
2016-08-18,93.60087160436879
2016-08-19,93.33714829582101
2016-08-20,93.34232720131943
2016-08-21,93.34750639417466
2016-08-22,92.69213932392093
2016-08-23,92.79111205526792
2016-08-24,92.80262460697551
2016-08-25,92.99643641551624
2016-08-26,93.23589061662933
2016-08-27,93.24106390374361
2016-08-28,93.24623747790295
2016-08-29,93.92440788923034
2016-08-30,93.0767070401149
2016-08-31,92.699474022505
2016-09-01,92.62351161276364
2016-09-02,92.9829807083704
2016-09-03,92.9386617126858
2016-09-04,92.8943638410108
2016-09-05,92.9204289873582
2016-09-06,93.69040439674163
2016-09-07,93.87930630739126
2016-09-08,93.94835695105851
2016-09-09,92.49493016029872
2016-09-10,92.45084378686356
2016-09-11,92.40677842656198
2016-09-12,92.46448241154418
2016-09-13,92.07849788516599
2016-09-14,92.16126442614528
2016-09-15,92.48237333082562
2016-09-16,92.87742866153754
2016-09-17,92.83315997571256
2016-09-18,92.78891238991774
2016-09-19,92.99355681611907
2016-09-20,92.91690737246222
2016-09-21,93.19200274044887
2016-09-22,93.61851804956926
2016-09-23,93.37261052891307
2016-09-24,93.32810582179819
2016-09-25,93.28362232720963
2016-09-26,93.76187389253595
2016-09-27,93.95544885321944
2016-09-28,94.51614951048384
2016-09-29,94.16982672263873
2016-09-30,94.01178419825446
2016-10-01,93.93838752436511
2016-10-02,93.86542399777026
2016-10-03,93.25202146298501
2016-10-04,92.67031160571374
2016-10-05,92.89210632169508
2016-10-06,92.84538360522741
2016-10-07,92.59170988426523
2016-10-08,92.51979234485832
2016-10-09,92.44793066501465
2016-10-10,92.37612480134717
2016-10-11,92.05950173899903
2016-10-12,91.4699797153814
2016-10-13,91.79414425545306
2016-10-14,91.82155580243668
2016-10-15,91.750236454667
2016-10-16,91.67897250183506
2016-10-17,91.77223069240156
2016-10-18,91.91583778906674
2016-10-19,91.85515593635658
2016-10-20,91.69597999619003
2016-10-21,91.1160232825224
2016-10-22,91.04525193373523
2016-10-23,90.97453555424576
2016-10-24,91.35174829427119
2016-10-25,91.98526726188611
2016-10-26,91.43117049192468
2016-10-27,91.06503089760481
2016-10-28,90.85656731718153
2016-10-29,90.78599749220933
2016-10-30,90.71548248000788
2016-10-31,90.4852156010021
2016-11-01,89.67706253221715
2016-11-02,90.08876141352148
2016-11-03,89.99165538042236
2016-11-04,89.86059387359701
2016-11-05,89.81146570969888
2016-11-06,89.76236440492092
2016-11-07,89.59889061303443
2016-11-08,89.10211900830775
2016-11-09,88.40692566290844
2016-11-10,87.55153335953051
2016-11-11,89.04342786884668
2016-11-12,88.99474646212745
2016-11-13,88.94609167027939
2016-11-14,89.79124290375464
2016-11-15,88.98265664533801
2016-11-16,88.87606898196778
2016-11-17,88.58284594476773
2016-11-18,88.53855752874809
2016-11-19,88.49015214238159
2016-11-20,88.44177321998167
2016-11-21,88.18699611618662
2016-11-22,88.58960204563756
2016-11-23,88.3854294414385
2016-11-24,88.26710687621592
2016-11-25,88.18754211616238
2016-11-26,88.13932863530168
2016-11-27,88.09114151348992
2016-11-28,88.04298073631614
2016-11-29,89.18743401077167
2016-11-30,90.10229945457252
2016-12-01,89.43196082273191
2016-12-02,90.17080437968357
2016-12-03,90.14737536345889
2016-12-04,90.12395243477887
2016-12-05,90.18725987701501
2016-12-06,90.57365059645846
2016-12-07,91.02412432560175
2016-12-08,91.00047359186001
2016-12-09,90.97682900327165
2016-12-10,90.95319055823997
2016-12-11,90.92955825516877
2016-12-12,91.38184845110167
2016-12-13,91.14710925941668
2016-12-14,91.11118228827672
2016-12-15,90.01404702427575
2016-12-16,89.52624522652113
2016-12-17,89.5029836856446
2016-12-18,89.47972818879776
2016-12-19,89.24661385890165
2016-12-20,89.38786354585247
2016-12-21,89.21172920235722
2016-12-22,89.0495895253833
2016-12-23,87.9967915733337
2016-12-24,87.9739274293164
2016-12-25,87.95106922607343
2016-12-26,88.10649773201632
2016-12-27,88.06649198331473
2016-12-28,88.98460038379224
2016-12-29,90.44399362291402
2016-12-30,90.3148808658477
2016-12-31,90.29141441433167
2017-01-01,90.25627029236573
2017-01-02,90.03203118179208
2017-01-03,90.25277269931131
2017-01-04,91.32659097367227
2017-01-05,91.23828293521285
2017-01-06,89.95024179328985
2017-01-07,89.91523046592327
2017-01-08,89.88023276601362
2017-01-09,90.42581223208408
2017-01-10,90.18927072842749
2017-01-11,90.12399105300221
2017-01-12,90.36655042170926
2017-01-13,90.25727753643345
2017-01-14,90.2221467015625
2017-01-15,90.18702954066435
2017-01-16,90.06910859561063
2017-01-17,90.72107282613266
2017-01-18,90.87198814322659
2017-01-19,90.42050944044671
2017-01-20,90.77593114602614
2017-01-21,90.74059843564099
2017-01-22,90.7052794778046
2017-01-23,91.06258572499547
2017-01-24,91.11873497917588
2017-01-25,91.16544703467976
2017-01-26,90.70827706607695
2017-01-27,90.8328909613283
2017-01-28,90.79753608047757
2017-01-29,90.762194960805
2017-01-30,91.22162244273609
2017-01-31,90.90308833184862
2017-02-01,90.24420630323063
2017-02-02,89.94492176883617
2017-02-03,89.76587722661222
2017-02-04,89.71780327080708
2017-02-05,89.66975506092342
2017-02-06,90.28477929676268
2017-02-07,89.41498593533495
2017-02-08,89.50313406248557
2017-02-09,88.9401120273847
2017-02-10,88.60424641462681
2017-02-11,88.55679456813586
2017-02-12,88.50936813439681
2017-02-13,88.0328689479632
2017-02-14,88.01524259430687
2017-02-15,87.67167419191284
2017-02-16,88.07257819666651
2017-02-17,89.15992512807225
2017-02-18,89.11217568883515
2017-02-19,89.06445182172526
2017-02-20,89.07394901252255
2017-02-21,88.43111011950374
2017-02-22,88.29380297267623
2017-02-23,88.14629819373415
2017-02-24,87.62533066484454
2017-02-25,87.57840307494132
2017-02-26,87.53150061702539
2017-02-27,87.48462327763731
2017-02-28,87.43777104332491
2017-03-01,86.89030691381727
2017-03-02,86.2393127296981
2017-03-03,86.56285885146022
2017-03-04,86.4960096713062
2017-03-05,86.42921211621339
2017-03-06,86.7147691804445
2017-03-07,87.12751233377476
2017-03-08,87.0453410229524
2017-03-09,86.28177876750152
2017-03-10,86.34048014344214
2017-03-11,86.27380269784626
2017-03-12,86.20717674468754
2017-03-13,86.43589370070268
2017-03-14,86.15623346233066
2017-03-15,86.6226810822351
2017-03-16,86.87818706801636
2017-03-17,87.12006424111134
2017-03-18,87.05278475257829
2017-03-19,86.98555722141714
2017-03-20,87.42477107023936
2017-03-21,87.26720037363002
2017-03-22,87.41339225196666
2017-03-23,86.69744244242563
2017-03-24,86.63048932851943
2017-03-25,86.56358791993853
2017-03-26,86.49673817675284
2017-03-27,86.55714778580591
2017-03-28,86.05411617564576
2017-03-29,85.52612433812624
2017-03-30,85.12729459385837
2017-03-31,84.99429636262377
2017-04-01,84.92527754895946
2017-04-02,84.85631478136938
2017-04-03,84.79410186797385
2017-04-04,84.5897623574352
2017-04-05,84.67849623101912
2017-04-06,84.63882662540402
2017-04-07,83.97982713294545
2017-04-08,83.91163210941448
2017-04-09,83.84349246300671
2017-04-10,83.14263212094622
2017-04-11,83.40954152061913
2017-04-12,82.81059921724041
2017-04-13,82.74335365416856
2017-04-14,82.67616269721952
2017-04-15,82.60902630205092
2017-04-16,82.5419444243564
2017-04-17,83.18196846818886
2017-04-18,83.69956340469149
2017-04-19,83.86859565307657
2017-04-20,83.53932634271179
2017-04-21,84.08044311906565
2017-04-22,84.01216639127574
2017-04-23,83.94394510695624
2017-04-24,83.68238983352462
2017-04-25,83.69236500558844
2017-04-26,83.64459254736349
2017-04-27,83.2796671588698
2017-04-28,83.04992618293332
2017-04-29,82.98248627666483
2017-04-30,82.91510113433371
2017-05-01,82.88155888171266
2017-05-02,82.43772473751521
2017-05-03,82.4027396734038
2017-05-04,82.25576050913584
2017-05-05,82.72646082468606
2017-05-06,82.69300963745235
2017-05-07,82.65957197650654
2017-05-08,82.87972561671751
2017-05-09,83.08381703084645
2017-05-10,83.18040960440068
2017-05-11,82.89964558189867
2017-05-12,83.2066633710929
2017-05-13,83.17301800964779
2017-05-14,83.1393862530067
2017-05-15,83.86296649982108
2017-05-16,84.42851851515657
2017-05-17,84.43044215698212
2017-05-18,84.56296439477924
2017-05-19,85.60485343499285
2017-05-20,85.57023834386212
2017-05-21,85.5356372496543
2017-05-22,86.20665493641461
2017-05-23,85.59639816497803
2017-05-24,85.65354175387475
2017-05-25,85.6189069751851
2017-05-26,85.20975616873213
2017-05-27,85.17530083872855
2017-05-28,85.14085944104708
2017-05-29,85.15630240972175
2017-05-30,85.78046062852957
2017-05-31,85.85930031612861
2017-06-01,85.29411356771097
2017-06-02,85.07300198604601
2017-06-03,85.04007492243085
2017-06-04,85.00716060306466
2017-06-05,84.92278719844091
2017-06-06,85.0322664885811
2017-06-07,84.9465838127253
2017-06-08,84.35943502827861
2017-06-09,84.39272207757287
2017-06-10,84.36005831276341
2017-06-11,84.32740719029452
2017-06-12,84.00567906781254
2017-06-13,83.89319750233119
2017-06-14,84.23121831722665
2017-06-15,84.44406615383842
2017-06-16,84.78408869466458
2017-06-17,84.75127345343843
2017-06-18,84.71847091318101
2017-06-19,85.09451716248716
2017-06-20,85.06158177153469
2017-06-21,84.99675864213405
2017-06-22,84.6240720271105
2017-06-23,84.83255567946772
2017-06-24,84.79972167934679
2017-06-25,84.76690038745512
2017-06-26,85.72636030297868
2017-06-27,86.13099824531571
2017-06-28,86.77598098214084
2017-06-29,86.94295861698706
2017-06-30,87.57315027947462
2017-07-01,87.5357786176015
2017-07-02,87.49829406474964
2017-07-03,89.23606788697751
2017-07-04,88.88881821528337
2017-07-05,89.95797294983797
2017-07-06,89.61433213422451
2017-07-07,89.32358233736652
2017-07-08,89.28533221157893
2017-07-09,89.24709846525218
2017-07-10,89.4053193019171
2017-07-11,89.60901899398141
2017-07-12,89.67165135736207
2017-07-13,89.57513202572865
2017-07-14,89.4470285275935
2017-07-15,89.40872553970406
2017-07-16,89.37043895391211
2017-07-17,89.80371286747486
2017-07-18,91.6032578900896
2017-07-19,91.33787875574006
2017-07-20,91.8737581828353
2017-07-21,93.03095379651329
2017-07-22,92.99111610089314
2017-07-23,92.95129546456266
2017-07-24,92.84716361011299
2017-07-25,92.91477696282588
2017-07-26,93.05619109052442
2017-07-27,93.89295988622655
2017-07-28,94.80689090440139
2017-07-29,94.7662927173635
2017-07-30,94.72571191527281
2017-07-31,94.1786745530492
2017-08-01,93.70572725027925
2017-08-02,93.88668318735822
2017-08-03,94.23864576600567
2017-08-04,94.09219849835576
2017-08-05,94.06435280024876
2017-08-06,94.03651534281335
2017-08-07,94.15448220039508
2017-08-08,94.34296594017711
2017-08-09,94.02836300858289
2017-08-10,94.00669776560775
2017-08-11,94.10350392269146
2017-08-12,94.07565487885083
2017-08-13,94.04781407667191
2017-08-14,90.56030158292234
2017-08-15,90.10604994312446
2017-08-16,91.09341801123186
2017-08-17,91.80974818117976
2017-08-18,91.49338349789085
2017-08-19,91.46630689455574
2017-08-20,91.43923830428585
2017-08-21,91.41217772470979
2017-08-22,91.03289072309475
2017-08-23,91.29908652907547
2017-08-24,91.30104830408922
2017-08-25,91.35561640549699
2017-08-26,91.32858057303265
2017-08-27,91.30155274156773
2017-08-28,91.55779483869667
2017-08-29,92.38537878399764
2017-08-30,92.23182439730432
2017-08-31,91.84311289023762
2017-09-01,91.1346561138551
2017-09-02,91.07306769302448
2017-09-03,91.01152089339202
2017-09-04,91.45974720738907
2017-09-05,91.54082296014043
2017-09-06,91.62492242176044
2017-09-07,91.77099622840541
2017-09-08,91.86412580604049
2017-09-09,91.8020444126317
2017-09-10,91.74000497356985
2017-09-11,91.22295707564328
2017-09-12,90.43000300135803
2017-09-13,90.05082639795819
2017-09-14,89.6848258218784
2017-09-15,89.66670145533539
2017-09-16,89.60610507214581
2017-09-17,89.54554963973952
2017-09-18,90.05323926108268
2017-09-19,90.15691561528847
2017-09-20,90.54765072215285
2017-09-21,90.52040823880732
2017-09-22,90.78604478948041
2017-09-23,90.72469195873012
2017-09-24,90.66338058996716
2017-09-25,91.14839803957892
2017-09-26,91.16726507777786
2017-09-27,90.58356688067258
2017-09-28,90.31255413876235
2017-09-29,89.51073487159212
2017-09-30,89.45219457373096
2017-10-01,89.40970415505132
2017-10-02,89.82956935381756
2017-10-03,89.89919624116713
2017-10-04,89.80885404537742
2017-10-05,89.78262019216272
2017-10-06,89.7879179927535
2017-10-07,89.74531100143919
2017-10-08,89.70272422838752
2017-10-09,89.6693522265181
2017-10-10,89.58958942926674
2017-10-11,89.62947997407717
2017-10-12,89.5572513735025
2017-10-13,89.3065890272724
2017-10-14,89.26421044061999
2017-10-15,89.22185196384552
2017-10-16,89.17951358740632
2017-10-17,88.71068987135577
2017-10-18,88.80646232246562
2017-10-19,89.34194072205922
2017-10-20,88.86307247925872
2017-10-21,88.82090435417098
2017-10-22,88.77875623909101
2017-10-23,88.32686186212344
2017-10-24,88.35271638381931
2017-10-25,88.5028863761695
2017-10-26,88.74904736807778
2017-10-27,88.61753906321653
2017-10-28,88.5754874509109
2017-10-29,88.53345579332432
2017-10-30,88.80319791809396
2017-10-31,88.5635513485149
2017-11-01,88.48042512642733
2017-11-02,88.02790137423355
2017-11-03,88.09031460106381
2017-11-04,88.05362656947895
2017-11-05,88.01695381779935
2017-11-06,87.9802963396612
2017-11-07,88.18331951251659
2017-11-08,87.81952391866933
2017-11-09,87.76913807945533
2017-11-10,87.41863160233234
2017-11-11,87.38222331463514
2017-11-12,87.34583019033491
2017-11-13,87.14503900757961
2017-11-14,87.2725831249544
2017-11-15,87.13901249660113
2017-11-16,87.3048302151085
2017-11-17,87.57431688956002
2017-11-18,87.53784376174094
2017-11-19,87.50138582432356
2017-11-20,87.46494307098136
2017-11-21,87.42422408182287
2017-11-22,87.32453149722326
2017-11-23,87.52302889000406
2017-11-24,87.21662379390645
2017-11-25,87.18029963882803
2017-11-26,87.14399061210683
2017-11-27,86.96296260014103
2017-11-28,87.15448452748137
2017-11-29,87.10080596621592
2017-11-30,86.17916521425819
2017-12-01,86.00423688128988
2017-12-02,85.93007700056
2017-12-03,85.85598106653913
2017-12-04,86.31300486351049
2017-12-05,85.90396905378893
2017-12-06,85.56704403956485
2017-12-07,85.19620075352587
2017-12-08,85.12273762757265
2017-12-09,85.04933784752954
2017-12-10,84.97600135877454
2017-12-11,84.58989513847854
2017-12-12,84.73174375101786
2017-12-13,84.71135983301085
2017-12-14,85.25989622691232
2017-12-15,85.7249678341246
2017-12-16,85.6510487619872
2017-12-17,85.57719342891396
2017-12-18,86.01791261979292
2017-12-19,86.5991111852782
2017-12-20,87.01888194124363
2017-12-21,87.65417795659843
2017-12-22,87.9383785651994
2017-12-23,87.86255090946452
2017-12-24,87.78678863853058
2017-12-25,87.71109169601739
2017-12-26,89.11183105612535
2017-12-27,89.63697462087326
2017-12-28,93.49046057773394
2017-12-29,90.86248334874895
2017-12-30,90.78413429093143
2017-12-31,90.70585279207373
2018-01-01,90.66144998063672
2018-01-02,90.09035167554262
2018-01-03,90.32298612145458
2018-01-04,91.42231676147179
2018-01-05,92.46193816743087
2018-01-06,92.41667570774199
2018-01-07,92.37143540517309
2018-01-08,92.99405810614401
2018-01-09,92.11324528358482
2018-01-10,90.84782756620397
2018-01-11,91.44745009016542
2018-01-12,91.7033403214493
2018-01-13,91.65844921461222
2018-01-14,91.61358008310852
2018-01-15,92.3776943394856
2018-01-16,92.62332485279333
2018-01-17,92.51795311362255
2018-01-18,92.62436471585441
2018-01-19,93.28083369287644
2018-01-20,93.23517036309501
2018-01-21,93.18952938666962
2018-01-22,93.899075182314
2018-01-23,94.49224695280526
2018-01-24,96.9269760858451
2018-01-25,97.07577950944689
2018-01-26,96.9700062161099
2018-01-27,96.92253694297567
2018-01-28,96.87509090725251
2018-01-29,96.4971405714564
2018-01-30,96.66348240744405
2018-01-31,96.79525465134843
2018-02-01,95.69187293665607
2018-02-02,95.63331163958959
2018-02-03,95.5749874440574
2018-02-04,95.51669881889005
2018-02-05,95.08403299564478
2018-02-06,95.35112081749827
2018-02-07,95.55123999613271
2018-02-08,96.39013740695165
2018-02-09,96.19846073701362
2018-02-10,96.13979187218263
2018-02-11,96.08115878792105
2018-02-12,96.02256146240725
2018-02-13,95.96399987383293
2018-02-14,96.536968069767
2018-02-15,95.5398782885722
2018-02-16,96.14450175701108
2018-02-17,96.08586580031687
2018-02-18,96.02726560412229
2018-02-19,96.36344799754319
2018-02-20,95.69526532906593
2018-02-21,95.93648329937744
2018-02-22,96.03070371676321
2018-02-23,96.27411249479529
2018-02-24,96.21539749198332
2018-02-25,96.15671829787907
2018-02-26,97.21440213138716
2018-02-27,96.95844038645437
2018-02-28,96.29510722572758
2018-03-01,96.34992724422669
2018-03-02,96.9786472415013
2018-03-03,96.90122308591279
2018-03-04,96.82375687723734
2018-03-05,96.41561247004799
2018-03-06,97.54109679474908
2018-03-07,97.4309028803963
2018-03-08,96.75187844001907
2018-03-09,96.26884398028504
2018-03-10,96.19188331746543
2018-03-11,96.11498417967697
2018-03-12,95.7668282935744
2018-03-13,95.96508446574286
2018-03-14,95.93193801434849
2018-03-15,95.91615937890606
2018-03-16,95.1402326761455
2018-03-17,95.06417426446386
2018-03-18,94.9881766565224
2018-03-19,94.96273224686998
2018-03-20,94.90794342882518
2018-03-21,95.21637357906054
2018-03-22,94.73263695563098
2018-03-23,94.61605300053202
2018-03-24,94.5404136363179
2018-03-25,94.46483474084285
2018-03-26,94.6940933405047
2018-03-27,94.1689676889353
2018-03-28,93.7191298215103
2018-03-29,93.6442074888871
2018-03-30,93.56934505178299
2018-03-31,93.49454246231535
2018-04-01,93.41759626316065
2018-04-02,93.3381517184967
2018-04-03,93.40425652914352
2018-04-04,93.26638075749855
2018-04-05,93.16204147174675
2018-04-06,92.84312747060517
2018-04-07,92.76417146785917
2018-04-08,92.68528261117488
2018-04-09,92.49304585533736
2018-04-10,92.34650224946263
2018-04-11,92.59599108616703
2018-04-12,92.43871293389286
2018-04-13,92.29759507603423
2018-04-14,92.21910300700542
2018-04-15,92.14067768949808
2018-04-16,92.02545495055897
2018-04-17,92.01742334461247
2018-04-18,91.85597845142209
2018-04-19,91.65991029439455
2018-04-20,91.46461548796337
2018-04-21,91.38683180457858
2018-04-22,91.30911427028722
2018-04-23,90.94160444874811
2018-04-24,90.71687553042075
2018-04-25,90.09973548415795
2018-04-26,91.36469853011894
2018-04-27,91.46411642674678
2018-04-28,91.3863331677755
2018-04-29,91.30861605753677
2018-04-30,91.23096503977614
2018-05-01,91.18199826110902
2018-05-02,93.1407961750626
2018-05-03,101.02162913651107
2018-05-04,95.72562708652927
2018-05-05,95.67592676536466
2018-05-06,95.62625224838646
2018-05-07,95.69983837690376
2018-05-08,97.19323688744372
2018-05-09,98.22719682937958
2018-05-10,98.76889456782891
2018-05-11,100.989197667201
2018-05-12,100.93676452352803
2018-05-13,100.88435860291074
2018-05-14,107.86378062147617
2018-05-15,103.05425912175701
2018-05-16,103.79290104786372
2018-05-17,103.55544343330006
2018-05-18,103.35147171065728
2018-05-19,103.29781208477453
2018-05-20,103.24418031873164
2018-05-21,103.54369361490498
2018-05-22,103.69521837606987
2018-05-23,104.26323717867687
2018-05-24,104.78756854039631
2018-05-25,104.73316329940683
2018-05-26,104.67878630537719
2018-05-27,104.62443754364176
2018-05-28,104.31238746845793
2018-05-29,104.3487360284618
2018-05-30,104.88030888565001
2018-05-31,105.07525626080228
2018-06-01,105.10591419841336
2018-06-02,104.99684572905865
2018-06-03,104.88789044011912
2018-06-04,104.93564794193948
2018-06-05,104.1663919654396
2018-06-06,103.5646015361134
2018-06-07,102.87321068057696
2018-06-08,105.8018065688724
2018-06-09,105.6920159715931
2018-06-10,105.58233930408156
2018-06-11,108.35350862706406
2018-06-12,107.22172354209289
2018-06-13,108.15161752213818
2018-06-14,114.13000694630774
2018-06-15,112.73152930626024
2018-06-16,112.61454773159605
2018-06-17,112.49768754878112
2018-06-18,113.34249055721581
2018-06-19,113.74653201166139
2018-06-20,113.62849716808925
2018-06-21,112.11553503847473
2018-06-22,110.35402776330703
2018-06-23,110.23951332340076
2018-06-24,110.12511771519651
2018-06-25,110.18129499215317
2018-06-26,109.83736561720252
2018-06-27,110.12780906474111
2018-06-28,112.6782440590057
2018-06-29,115.5698093732744
2018-06-30,115.44988251370525
2018-07-01,115.3508835676528
2018-07-02,112.7850697332033
2018-07-03,111.18823104513247
2018-07-04,112.11770879288893
2018-07-05,111.53753095867222
2018-07-06,111.4890674698906
2018-07-07,111.39664212109088
2018-07-08,111.30429339366125
2018-07-09,111.21202122408198
2018-07-10,109.38432547366999
2018-07-11,108.51077071808331
2018-07-12,107.84609970025404
2018-07-13,107.78504648531195
2018-07-14,107.69569180020358
2018-07-15,107.60641119085996
2018-07-16,108.16169226170118
2018-07-17,108.74828696162575
2018-07-18,108.85950290451562
2018-07-19,109.007836054282
2018-07-20,109.15625918557681
2018-07-21,109.06576775392477
2018-07-22,108.97535134040972
2018-07-23,108.73785514810616
2018-07-24,108.58567758252111
2018-07-25,108.65739598449137
2018-07-26,108.28102188002882
2018-07-27,108.01469377804031
2018-07-28,107.92514871344801
2018-07-29,107.83567788244659
2018-07-30,107.59932122636657
2018-07-31,107.85561006552722
2018-08-01,108.59942837370961
2018-08-02,107.8727014616782
2018-08-03,107.4970303404935
2018-08-04,107.37675646145246
2018-08-05,107.25661715176587
2018-08-06,106.74601433974385
2018-08-07,106.71851572638357
2018-08-08,107.48678104008489
2018-08-09,108.55144185486137
2018-08-10,111.82195040358643
2018-08-11,111.69683755447446
2018-08-12,111.57186468883584
2018-08-13,113.3165177762234
2018-08-14,112.11378215545342
2018-08-15,113.4633196802
2018-08-16,112.53054452547447
2018-08-17,112.2315542618288
2018-08-18,112.10598312429023
2018-08-19,111.98055248298454
2018-08-20,111.85526218071642
2018-08-21,112.44020209645286
2018-08-22,112.6373585741788
2018-08-23,112.72672091622226
2018-08-24,114.48651951484061
2018-08-25,114.35842539208818
2018-08-26,114.23047458843006
2018-08-27,114.73591386493527
2018-08-28,115.68178273751144
2018-08-29,125.07860129906778
2018-08-30,137.8112637722586
2018-08-31,135.276701510169
2018-09-01,134.99765978157444
2018-09-02,134.70992134030374
2018-09-03,136.8688759714632
2018-09-04,141.31929369257753
2018-09-05,139.509337105215
2018-09-06,135.4275757363125
2018-09-07,134.15505703155242
2018-09-08,133.8691145414285
2018-09-09,133.5837815185097
2018-09-10,133.52518564801855
2018-09-11,134.85028726752347
2018-09-12,136.32737075040308
2018-09-13,140.37785663887212
2018-09-14,141.03137494653419
2018-09-15,140.7307760467974
2018-09-16,140.43081785341806
2018-09-17,139.15259281965334
2018-09-18,139.73824669496258
2018-09-19,138.04124936068982
2018-09-20,134.8890605418576
2018-09-21,131.15511754193895
2018-09-22,130.87556922126987
2018-09-23,130.59661673906336
2018-09-24,130.34472113766665
2018-09-25,132.59162522417492
2018-09-26,134.5515150071176
2018-09-27,138.46168106158675
2018-09-28,143.28312541221968
2018-09-29,142.97772705766144
2018-09-30,142.67297963917608
2018-10-01,137.80456019598176
2018-10-02,133.2093362688087
2018-10-03,131.55377957787417
2018-10-04,132.9855744676999
2018-10-05,131.56952155354196
2018-10-06,131.3496961783525
2018-10-07,131.13023808576017
2018-10-08,130.03212388007572
2018-10-09,128.85124879075926
2018-10-10,128.61269689023376
2018-10-11,126.11380207746782
2018-10-12,126.3129737501185
2018-10-13,126.10193097578866
2018-10-14,125.89124081015193
2018-10-15,125.6809026640723
2018-10-16,123.7494146932069
2018-10-17,124.3119456995859
2018-10-18,125.02835947232309
2018-10-19,124.63762786204204
2018-10-20,124.429384243125
2018-10-21,124.22148855609308
2018-10-22,123.81042714564711
2018-10-23,123.85714139349511
2018-10-24,124.50249056956153
2018-10-25,123.96782349764915
2018-10-26,124.31789244842544
2018-10-27,124.11018304105245
2018-10-28,123.90282067300792
2018-10-29,123.41280249483415
2018-10-30,122.04442662084477
2018-10-31,118.99030336584033
2018-11-01,119.7639988683471
2018-11-02,118.9340078075908
2018-11-03,118.79961233248682
2018-11-04,118.66536872432198
2018-11-05,118.75068326230016
2018-11-06,118.61649494400363
2018-11-07,118.34805738416576
2018-11-08,117.3588049209723
2018-11-09,116.22861471073071
2018-11-10,116.09727633087894
2018-11-11,115.96608636344747
2018-11-12,116.10618276580456
2018-11-13,116.97043394827595
2018-11-14,116.71878025295617
2018-11-15,117.31098106725379
2018-11-16,117.49675475963075
2018-11-17,117.36398338103025
2018-11-18,117.2313620341392
2018-11-19,117.09889054942171
2018-11-20,117.52170504941928
2018-11-21,117.53404245792952
2018-11-22,118.03258573882552
2018-11-23,121.12908868714865
2018-11-24,120.99221276979655
2018-11-25,120.85549152228434
2018-11-26,124.43501922960718
2018-11-27,122.70980214701943
2018-11-28,122.94479152161952
2018-11-29,120.72106632486256
2018-11-30,120.58465147293869
2018-12-01,120.48882084672204
2018-12-02,120.39613405825015
2018-12-03,116.96147698465928
2018-12-04,119.53673632879172
2018-12-05,119.41096104439788
2018-12-06,119.97447365108276
2018-12-07,118.9618864683718
2018-12-08,118.8703742838403
2018-12-09,118.77893249563623
2018-12-10,118.26762528458026
2018-12-11,118.77479666175665
2018-12-12,118.93223694489198
2018-12-13,119.17774592026447
2018-12-14,119.71889721700882
2018-12-15,119.62680269716488
2018-12-16,119.53477902161356
2018-12-17,120.06925904356964
2018-12-18,119.97611650584349
2018-12-19,120.66216558317919
2018-12-20,119.95205245745255
2018-12-21,118.9558222951689
2018-12-22,118.86431477554102
2018-12-23,118.77287764865214
2018-12-24,118.68151086035215
2018-12-25,118.59021435653267
2018-12-26,120.17662547884478
2018-12-27,119.61423676074605
2018-12-28,117.91919173046898
2018-12-29,117.82848164546782
2018-12-30,117.73784133977401
2018-12-31,117.68342884940223
2019-01-01,117.57642071020958
2019-01-02,117.54897805620755
2019-01-03,117.5729173666201
2019-01-04,117.69739363736196
2019-01-05,117.59037280015406
2019-01-06,117.48344927571783
2019-01-07,117.35683745405574
2019-01-08,118.20023697407763
2019-01-09,117.88948079019677
2019-01-10,116.67593793207125
2019-01-11,116.03882620281432
2019-01-12,115.9333134812063
2019-01-13,115.82789670105842
2019-01-14,116.19260458615138
2019-01-15,115.88881144199385
2019-01-16,117.05488829372732
2019-01-17,117.33930679850842
2019-01-18,116.56148580623606
2019-01-19,116.45549783648018
2019-01-20,116.34960624032193
2019-01-21,116.5893689511199
2019-01-22,115.75397431648604
2019-01-23,115.98656376922688
2019-01-24,115.21663810360418
2019-01-25,114.36786373330965
2019-01-26,114.26387039795904
2019-01-27,114.15997162250878
2019-01-28,114.47830729141582
2019-01-29,116.47597884764743
2019-01-30,115.79095285819618
2019-01-31,116.1413857693162
2019-02-01,115.40701454138966
2019-02-02,115.28514872102151
2019-02-03,115.16341158674956
2019-02-04,114.77466210361848
2019-02-05,114.63920031848498
2019-02-06,115.13887575621125
2019-02-07,115.73449709526871
2019-02-08,115.48479689356088
2019-02-09,115.36284893771602
2019-02-10,115.24102975469954
2019-02-11,114.6980531475907
2019-02-12,115.46977597856221
2019-02-13,115.5885515028952
2019-02-14,115.54796478652563
2019-02-15,116.84968535532339
2019-02-16,116.72629612441594
2019-02-17,116.60303718827359
2019-02-18,116.93534801837838
2019-02-19,118.63999633005773
2019-02-20,119.82073798886626
2019-02-21,118.78410832785458
2019-02-22,118.0840960821479
2019-02-23,117.95940335615836
2019-02-24,117.83484230137964
2019-02-25,117.29018606077044
2019-02-26,116.47652517827925
2019-02-27,116.43830610482944
2019-02-28,117.13881334854561
2019-03-01,118.52162587241946
2019-03-02,118.3550027503933
2019-03-03,118.18861387477236
2019-03-04,118.02246735262871
2019-03-05,117.85655439500466
2019-03-06,119.86303744265068
2019-03-07,124.05353467877822
2019-03-08,120.17757338128337
2019-03-09,120.00863083087732
2019-03-10,119.83992577557568
2019-03-11,120.18320249054577
2019-03-12,121.16096428191807
2019-03-13,120.04119559121706
2019-03-14,118.33092488906077
2019-03-15,116.32889598198118
2019-03-16,116.16536380355413
2019-03-17,116.00206151446935
2019-03-18,116.17965341183098
2019-03-19,117.69077259071298
2019-03-20,118.65988815300328
2019-03-21,118.62525032186102
2019-03-22,119.60897177620721
2019-03-23,119.4408285513544
2019-03-24,119.27292169793458
2019-03-25,120.20787735233635
2019-03-26,121.55663686650836
2019-03-27,124.06589507094895
2019-03-28,123.1866857219529
2019-03-29,122.51357854489888
2019-03-30,122.34135209834649
2019-03-31,122.1693677633155
2019-04-01,120.50327199719703
2019-04-02,120.383241969752
2019-04-03,120.84853233710564
2019-04-04,122.37380748811924
2019-04-05,123.62174440923653
2019-04-06,123.49860815635047
2019-04-07,123.37559455613243
2019-04-08,122.87208426288927
2019-04-09,121.75325804471213
2019-04-10,121.05430685703378
2019-04-11,119.76312685972492
2019-04-12,118.05589615597496
2019-04-13,117.93830389295346
2019-04-14,117.8208287603826
2019-04-15,116.11689688108675
2019-04-16,117.83002193477662
2019-04-17,116.19002681692044
2019-04-18,116.07429309553238
2019-04-19,115.9586746533523
2019-04-20,115.84317137555374
2019-04-21,115.72778314742456
2019-04-22,117.0258466658882
2019-04-23,116.32514335937935
2019-04-24,119.94167455718203
2019-04-25,122.46218551166676
2019-04-26,125.65571639711717
2019-04-27,125.53055416012727
2019-04-28,125.40551659383298
2019-04-29,120.67248011940646
2019-04-30,120.36375144321826
2019-05-01,120.25404894378386
2019-05-02,121.23629189244971
2019-05-03,120.54233965058549
2019-05-04,120.43603557348209
2019-05-05,120.32982524399334
2019-05-06,120.68433591566279
2019-05-07,122.02722973458047
2019-05-08,121.70781196131317
2019-05-09,121.858688843161
2019-05-10,120.50733258260593
2019-05-11,120.40105937759331
2019-05-12,120.2948798929698
2019-05-13,120.43029337689988
2019-05-14,120.04705110575664
2019-05-15,119.99073863371048
2019-05-16,118.88752053440913
2019-05-17,118.40526067697668
2019-05-18,118.30084125059967
2019-05-19,118.19651390979845
2019-05-20,118.76652615150245
2019-05-21,117.90888092248721
2019-05-22,118.30213386987242
2019-05-23,118.57780495156507
2019-05-24,118.25029704096085
2019-05-25,118.14601427417051
2019-05-26,118.04182347243837
2019-05-27,117.8058350581407
2019-05-28,117.21511502217297
2019-05-29,116.67380514012594
2019-05-30,117.0091500959566
2019-05-31,117.72315735182089
2019-06-01,117.62687142485765
2019-06-02,117.52745870000207
2019-06-03,118.28030889757247
2019-06-04,118.45747625114763
2019-06-05,118.37150058376862
2019-06-06,118.48657277137565
2019-06-07,118.43787672932552
2019-06-08,118.337778580755
2019-06-09,118.2377650304534
2019-06-10,118.01451262378504
2019-06-11,117.75109178952839
2019-06-12,114.85416901380307
2019-06-13,113.98550297610373
2019-06-14,114.7283975835857
2019-06-15,114.63143451312447
2019-06-16,114.53455339131095
2019-06-17,114.43775414888597
2019-06-18,113.4426660895546
2019-06-19,112.96364430498893
2019-06-20,112.86817272137935
2019-06-21,112.26726719539846
2019-06-22,112.17238415711996
2019-06-23,112.07758130954333
2019-06-24,111.14878255591356
2019-06-25,110.72116603955689
2019-06-26,111.52436235210526
2019-06-27,111.42673331739488
2019-06-28,110.76358339553852
2019-06-29,110.66997120041053
2019-06-30,110.57643812192725
2019-07-01,110.08722369413593
2019-07-02,109.41226373506396
2019-07-03,109.07834830000789
2019-07-04,109.06053619338584
2019-07-05,108.39003123186733
2019-07-06,108.3287683431875
2019-07-07,108.26754008076887
2019-07-08,108.20634642504035
2019-07-09,108.14518735644201
2019-07-10,108.70266600110443
2019-07-11,108.33283832407874
2019-07-12,108.24948278630771
2019-07-13,108.18829933670247
2019-07-14,108.12715046845884
2019-07-15,109.98797731266703
2019-07-16,110.37607141567341
2019-07-17,109.96121263950045
2019-07-18,109.88518569321704
2019-07-19,109.77258677339586
2019-07-20,109.71054245357081
2019-07-21,109.64853320167794
2019-07-22,109.67784306723465
2019-07-23,109.70584440554623
2019-07-24,110.36226634931225
2019-07-25,111.30438582816447
2019-07-26,111.2623284393687
2019-07-27,111.19944210596726
2019-07-28,111.13659131641059
2019-07-29,112.07236734556889
2019-07-30,112.27333129502004
2019-07-31,112.30452659268244
2019-08-01,112.24761571489232
2019-08-02,112.4271654735712
2019-08-03,112.30058716044864
2019-08-04,112.17415135798431
2019-08-05,113.4970800858253
2019-08-06,113.0885851523513
2019-08-07,113.38693373872506
2019-08-08,112.72534919276855
2019-08-09,112.54675359196523
2019-08-10,112.42004063823126
2019-08-11,112.29347034674329
2019-08-12,130.9283781871007
2019-08-13,137.80019457790024
2019-08-14,148.22128611685204
2019-08-15,140.0977274082133
2019-08-16,134.8148343060328
2019-08-17,134.66305040008382
2019-08-18,134.5114373830004
2019-08-19,134.35999506238412
2019-08-20,133.06576697066598
2019-08-21,133.6083667213615
2019-08-22,133.15122192299938
2019-08-23,132.78376644324845
2019-08-24,132.63426925459615
2019-08-25,132.48494038026433
2019-08-26,131.97017560507675
2019-08-27,134.3108560351035
2019-08-28,138.2203478617788
2019-08-29,137.51890048417883
2019-08-30,141.11164446067446
2019-08-31,140.9527711684186
2019-09-01,140.68255214257496
2019-09-02,131.82538345500225
2019-09-03,131.82180173678464
2019-09-04,132.40237409160878
2019-09-05,132.3140748274861
2019-09-06,132.27340286031702
2019-09-07,132.01137867120346
2019-09-08,131.74987353334424
2019-09-09,131.28963525772582
2019-09-10,131.00683886689347
2019-09-11,131.2798042840037
2019-09-12,131.23808848522097
2019-09-13,130.95530230565907
2019-09-14,130.69588917985476
2019-09-15,130.43698993297443
2019-09-16,130.1370402563156
2019-09-17,130.44375273840438
2019-09-18,130.33118632971937
2019-09-19,129.59286718336358
2019-09-20,129.37849335250831
2019-09-21,129.12220377292266
2019-09-22,128.86642188473846
2019-09-23,128.87503777207948
2019-09-24,128.53107810621697
2019-09-25,128.43190635882
2019-09-26,128.69493962363836
2019-09-27,128.6741080820847
2019-09-28,128.4192138395458
2019-09-29,128.16482452434502
2019-09-30,128.2661957453081
2019-10-01,128.46409071630788
2019-10-02,128.94569194426398
2019-10-03,129.49254834775024
2019-10-04,129.39406546501255
2019-10-05,129.2640111849723
2019-10-06,129.13408762279528
2019-10-07,129.0766567463206
2019-10-08,128.96455963198733
2019-10-09,128.67136129398216
2019-10-10,128.72409156247124
2019-10-11,129.16435614778698
2019-10-12,129.03453274912266
2019-10-13,128.90483983626214
2019-10-14,128.77527727805392
2019-10-15,128.5693179344965
2019-10-16,128.56875681580954
2019-10-17,128.7230662316733
2019-10-18,129.1097838718005
2019-10-19,128.9800153238593
2019-10-20,128.85037720659142
2019-10-21,128.7022729313561
2019-10-22,129.59608932094835
2019-10-23,130.329974799566
2019-10-24,131.2803375381877
2019-10-25,132.51661219984854
2019-10-26,132.38341944072863
2019-10-27,132.2503605539647
2019-10-28,131.30167849450848
2019-10-29,130.9630836028213
2019-10-30,131.0305329994627
2019-10-31,130.95490162444963
2019-11-01,131.76686305212635
2019-11-02,131.59257712985982
2019-11-03,131.4185217327951
2019-11-04,130.70403893398264
2019-11-05,130.46221981136756
2019-11-06,130.28965951984898
2019-11-07,129.1134803527306
2019-11-08,128.15284131269743
2019-11-09,127.98333559918262
2019-11-10,127.81405408816396
2019-11-11,128.1875996015962
2019-11-12,127.09692249001164
2019-11-13,126.54412922418135
2019-11-14,126.29153999073289
2019-11-15,126.41020425206202
2019-11-16,126.24300349671536
2019-11-17,126.07602389513362
2019-11-18,125.90926515480018
2019-11-19,125.61632731725625
2019-11-20,125.36898974680312
2019-11-21,125.26080294383894
2019-11-22,125.05507017716656
2019-11-23,124.8896618359866
2019-11-24,124.72447227777404
2019-11-25,124.20866503776628
2019-11-26,124.05375974884332
2019-11-27,123.42788408926349
2019-11-28,123.61304977967849
2019-11-29,123.77791938973577
2019-11-30,123.61420031547554
2019-12-01,123.49120632443487
2019-12-02,123.83023058418672
2019-12-03,123.83635558653225
2019-12-04,123.79803174990288
2019-12-05,124.1180708615845
2019-12-06,124.14968721511752
2019-12-07,124.03005103439455
2019-12-08,123.91053014043598
2019-12-09,123.85748564050998
2019-12-10,123.85625684070929
2019-12-11,123.59701198147413
2019-12-12,123.83110851252161
2019-12-13,123.77107719866265
2019-12-14,123.65180586345296
2019-12-15,123.53264946342621
2019-12-16,123.90002970971534
2019-12-17,123.82178200252487
2019-12-18,123.66700645582658
2019-12-19,123.61819778468703
2019-12-20,123.11582578766813
2019-12-21,122.99718588196895
2019-12-22,122.878660302979
2019-12-23,123.33245912494448
2019-12-24,123.21361046169082
2019-12-25,123.09487632631453
2019-12-26,122.96016456420406
2019-12-27,122.99680888990426
2019-12-28,122.8782836742007
2019-12-29,122.75987267468605
2019-12-30,123.12625623067636
2019-12-31,123.03397751403593
2020-01-01,122.95712460225639
2020-01-02,122.52532092220811
2020-01-03,122.31731122315661
2020-01-04,122.2409059754479
2020-01-05,122.16454845411432
2020-01-06,121.84471573977926
2020-01-07,121.57436569351205
2020-01-08,121.74341547183695
2020-01-09,121.34384700610701
2020-01-10,121.42630798200598
2020-01-11,121.35045929757251
2020-01-12,121.27465799185806
2020-01-13,121.06934182792341
2020-01-14,121.26203919428038
2020-01-15,120.648772489385
2020-01-16,120.44231068964883
2020-01-17,120.50065651325228
2020-01-18,120.42538603503552
2020-01-19,120.35016257436256
2020-01-20,120.30391904578674
2020-01-21,120.1283604528913
2020-01-22,120.0738902465933
2020-01-23,119.95069248186077
2020-01-24,119.82145864956917
2020-01-25,119.74661243085012
2020-01-26,119.67181296466205
2020-01-27,119.32010287250607
2020-01-28,119.3554821042354
2020-01-29,119.2185364247414
2020-01-30,118.85866091947952
2020-01-31,118.9382837901078
2020-02-01,118.88015826043802
2020-02-02,118.82206113690539
2020-02-03,119.00563115570189
2020-02-04,119.17313842402517
2020-02-05,119.09577703942433
2020-02-06,119.09225603302933
2020-02-07,118.54200857975145
2020-02-08,118.48407671107768
2020-02-09,118.42617315389825
2020-02-10,118.64576511611959
2020-02-11,118.87757021330272
2020-02-12,118.82410288947776
2020-02-13,118.97026652937697
2020-02-14,119.36200341199277
2020-02-15,119.30367080915303
2020-02-16,119.2453667136478
2020-02-17,119.44214221066164
2020-02-18,118.98358818497381
2020-02-19,118.83520585693297
2020-02-20,118.5409237208888
2020-02-21,118.80993341035537
2020-02-22,118.75187060593748
2020-02-23,118.69383617700267
2020-02-24,118.63583010968375
2020-02-25,118.57785239012033
2020-02-26,118.51755021848606
2020-02-27,118.55148786806704
2020-02-28,118.3766559778896
2020-02-29,118.31880491757505
2020-03-01,118.17770875402007
2020-03-02,118.76557700370107
2020-03-03,118.60286335207053
2020-03-04,117.91088022109335
2020-03-05,117.20621498604751
2020-03-06,117.45062477945861
2020-03-07,117.31041218571177
2020-03-08,117.17036697780459
2020-03-09,116.25107412896598
2020-03-10,116.62904400081935
2020-03-11,116.04654475407013
2020-03-12,114.67989237397569
2020-03-13,114.85793012822153
2020-03-14,114.72081269418565
2020-03-15,114.58385895098675
2020-03-16,113.24320806840798
2020-03-17,112.75727942817453
2020-03-18,111.10429717819959
2020-03-19,110.81490392939767
2020-03-20,112.1157823080805
2020-03-21,111.98193845099684
2020-03-22,111.84825437675292
2020-03-23,111.71472989459997
2020-03-24,111.58136481401687
2020-03-25,112.42789776617172
2020-03-26,113.37902453250194
2020-03-27,113.17209204334647
2020-03-28,113.03698716336011
2020-03-29,112.90204357162304
2020-03-30,111.88953800093175
2020-03-31,111.7559642343749
2020-04-01,110.95993608806684
2020-04-02,110.90741358150919
2020-04-03,110.76341686901416
2020-04-04,110.69696367994119
2020-04-05,110.63055035986524
2020-04-06,111.25835984275557
2020-04-07,112.09154227474511
2020-04-08,112.23493770549362
2020-04-09,112.16760166849905
2020-04-10,112.1003060301715
2020-04-11,112.03305076627356
2020-04-12,111.96583585258236
2020-04-13,112.42526549429788
2020-04-14,112.69417685805227
2020-04-15,112.1415113431674
2020-04-16,111.95276872817057
2020-04-17,112.29985982630564
2020-04-18,112.23248483888779
2020-04-19,112.16515027350553
2020-04-20,111.96143884061553
2020-04-21,111.79093323124094
2020-04-22,111.40834196975615
2020-04-23,110.9360033777199
2020-04-24,109.60568670649981
2020-04-25,109.53992810471532
2020-04-26,109.47420895520594
2020-04-27,109.9031124122595
2020-04-28,111.40949417592189
2020-04-29,112.39010155598233
2020-04-30,112.42390408587488
2020-05-01,112.36331749743059
2020-05-02,112.3027948625064
2020-05-03,112.24230482709446
2020-05-04,111.42727638679
2020-05-05,111.28896251238865
2020-05-06,110.52315360361114
2020-05-07,109.88089275103326
2020-05-08,110.49581880337944
2020-05-09,110.43630206561284
2020-05-10,110.37681738554859
2020-05-11,110.01414721774327
2020-05-12,110.1602090688312
2020-05-13,109.64441662485065
2020-05-14,109.82030196530307
2020-05-15,110.15361124821675
2020-05-16,110.09427883486656
2020-05-17,110.03497837993552
2020-05-18,111.112367035674
2020-05-19,111.22485910720978
2020-05-20,111.74547282821636
2020-05-21,112.43818943800183
2020-05-22,112.51471626730574
2020-05-23,112.45411208394853
2020-05-24,112.3935405440282
2020-05-25,112.3330016299619
2020-05-26,113.90924104881125
2020-05-27,114.16142905973547
2020-05-28,114.41475094138329
2020-05-29,113.98289370303007
2020-05-30,113.92149871027945
2020-05-31,113.86013678692211
2020-06-01,114.24485001942553
2020-06-02,115.82456290281806
2020-06-03,117.04256672853755
2020-06-04,117.15611173161055
2020-06-05,118.14558653813381
2020-06-06,118.0719217813856
2020-06-07,117.99830295522646
2020-06-08,118.75694727619634
2020-06-09,118.75163093163879
2020-06-10,118.86123031375845
2020-06-11,118.09856187070278
2020-06-12,117.05036260654593
2020-06-13,116.97738073103663
2020-06-14,116.90444436033425
2020-06-15,116.83155346606615
2020-06-16,116.68946237883677
2020-06-17,116.30107003075818
2020-06-18,115.30941189631218
2020-06-19,115.6709484005726
2020-06-20,115.59882660130403
2020-06-21,115.52674977057778
2020-06-22,116.27982372473853
2020-06-23,117.21369483098178
2020-06-24,115.92238893856297
2020-06-25,115.58847421680589
2020-06-26,115.14422961865176
2020-06-27,115.07243623292864
2020-06-28,115.00068761097914
2020-06-29,115.09788881178507
2020-06-30,115.24370954020928
2020-07-01,116.01277999228002
2020-07-02,116.07987365094283
2020-07-03,116.3015611967777
2020-07-04,116.25173089171005
2020-07-05,116.20192193682274
2020-07-06,116.60543765179878
2020-07-07,116.48927432548035
2020-07-08,116.67205055165265
2020-07-09,116.62206150755014
2020-07-10,116.57209388164094
2020-07-11,116.52214766474825
2020-07-12,116.47222284769913
2020-07-13,117.09821205395086
2020-07-14,117.18613781075582
2020-07-15,117.20949591605525
2020-07-16,117.42669519926996
2020-07-17,117.32409780367942
2020-07-18,117.27382938487936
2020-07-19,117.22358250397285
2020-07-20,117.75808783422659
2020-07-21,119.24921395258711
2020-07-22,119.75361506167208
2020-07-23,119.4253991292231
2020-07-24,119.62343008167753
2020-07-25,119.57217649614635
2020-07-26,119.52094487061106
2020-07-27,120.19242006175628
2020-07-28,120.38845313883814
2020-07-29,120.60497168362225
2020-07-30,120.66734870317416
2020-07-31,120.31480864834867
2020-08-01,120.22257848346736
2020-08-02,120.13041901980235
2020-08-03,119.48019126369411
2020-08-04,119.55696435349591
2020-08-05,119.81598896427066
2020-08-06,119.58365151333656
2020-08-07,118.8232349364408
2020-08-08,118.73214817269961
2020-08-09,118.64113123367355
2020-08-10,118.45335084623781
2020-08-11,119.08624464994514
2020-08-12,118.49884296808162
2020-08-13,119.3272598405
2020-08-14,118.91647215502078
2020-08-15,118.8253139180824
2020-08-16,118.73422556064861
2020-08-17,118.64320702915165
2020-08-18,118.92338898912644
2020-08-19,118.67748670189451
2020-08-20,118.08413439674976
2020-08-21,117.83890349792661
2020-08-22,117.74857129675249
2020-08-23,117.6583083418657
2020-08-24,118.01533422828435
2020-08-25,118.40775021756052
2020-08-26,118.01271526826046
2020-08-27,118.41478868277287
2020-08-28,119.64849861878497
2020-08-29,119.55677922963093
2020-08-30,119.46513015014595
2020-08-31,119.55600554979928
2020-09-01,120.28112589039208
2020-09-02,120.02859189719399
2020-09-03,120.3971328944996
2020-09-04,120.31894891337795
2020-09-05,120.20038143487255
2020-09-06,120.08193079787124
2020-09-07,120.35748133490387
2020-09-08,119.96965789525171
2020-09-09,120.41024969775826
2020-09-10,120.45157856784519
2020-09-11,120.09036057388967
2020-09-12,119.97201835618712
2020-09-13,119.85379275800693
2020-09-14,120.70820559425542
2020-09-15,120.78264310230588
2020-09-16,121.03426627039052
2020-09-17,121.05718682073949
2020-09-18,120.30893672835268
2020-09-19,120.19037911628601
2020-09-20,120.07193833600058
2020-09-21,119.55458873143836
2020-09-22,118.91161352900764
2020-09-23,118.06705111163507
2020-09-24,118.4156904702976
2020-09-25,117.92416871226959
2020-09-26,117.80796115339936
2020-09-27,117.69186811046666
2020-09-28,117.45986028201013
2020-09-29,117.59171158392863
2020-09-30,117.72360318336241
2020-10-01,117.67377599979663
2020-10-02,118.43583871622727
2020-10-03,118.29746355178774
2020-10-04,118.15925005873365
2020-10-05,118.7416378309923
2020-10-06,118.8588925010929
2020-10-07,118.58612479075845
2020-10-08,118.36468663282017
2020-10-09,119.13566430464921
2020-10-10,118.99647149512924
2020-10-11,118.85744131229484
2020-10-12,118.71857356614024
2020-10-13,118.38315124925059
2020-10-14,118.39019252376559
2020-10-15,117.9350881194296
2020-10-16,117.86563820261684
2020-10-17,117.72792923508773
2020-10-18,117.5903811605892
2020-10-19,118.12836980650698
2020-10-20,118.46432216082057
2020-10-21,118.3478734655373
2020-10-22,118.66022042188517
2020-10-23,118.44253674959468
2020-10-24,118.30415375947096
2020-10-25,118.16593244987592
2020-10-26,118.0499844470295
2020-10-27,117.85434239333496
2020-10-28,116.98663770455543
2020-10-29,116.41826581973676
2020-10-30,116.45664418815298
2020-10-31,116.32058142654056
2020-11-01,116.20090344967322
2020-11-02,116.61206298732148
2020-11-03,117.16269433180935
2020-11-04,117.81362986244534
2020-11-05,118.83384241097505
2020-11-06,118.71157863212612
2020-11-07,118.58944064599169
2020-11-08,118.46742832314834
2020-11-09,119.84309340182189
2020-11-10,120.01366493953421
2020-11-11,119.51421918947187
2020-11-12,119.48245805491773
2020-11-13,119.2470275906988
2020-11-14,119.12433870078374
2020-11-15,119.00177604096439
2020-11-16,119.76958650943072
2020-11-17,120.51085486920653
2020-11-18,120.8314982386768
2020-11-19,120.66858788428128
2020-11-20,120.38727303427481
2020-11-21,120.26341098767375
2020-11-22,120.13967637818628
2020-11-23,120.016069074697
2020-11-24,120.22936357029121
2020-11-25,120.87891974734886
2020-11-26,121.01581118877903
2020-11-27,120.93296387996912
2020-11-28,120.80854039208563
2020-11-29,120.68424491896207
2020-11-30,120.71539366690847
2020-12-01,121.90140153292003
2020-12-02,122.13808804401351
2020-12-03,123.06784231700712
2020-12-04,122.93929684484726
2020-12-05,122.81611361196565
2020-12-06,122.69305380673703
2020-12-07,122.57011730548872
2020-12-08,122.44730398467215
2020-12-09,122.77132611044127
2020-12-10,123.59041696374386
2020-12-11,123.59379639337517
2020-12-12,123.46995736228767
2020-12-13,123.34624241595253
2020-12-14,123.26702534967401
2020-12-15,123.50950276972543
2020-12-16,123.31196335561756
2020-12-17,124.11006074994772
2020-12-18,123.81772189463503
2020-12-19,123.69365849373351
2020-12-20,123.56971940239936
2020-12-21,123.57300794009159
2020-12-22,123.31598343405135
2020-12-23,123.07026848246106
2020-12-24,122.94695401806808
2020-12-25,122.8237631128199
2020-12-26,122.70069564291228
2020-12-27,122.5777514846649
2020-12-28,122.95621276205948
2020-12-29,123.70034230319837
2020-12-30,124.0742818473292
2020-12-31,123.94996137740894
2021-01-01,123.8090036223012
2021-01-02,123.66820616646667
2021-01-03,123.5275688276106
2021-01-04,123.79871656226136
2021-01-05,123.79031116341707
2021-01-06,123.7696356125769
2021-01-07,122.70102828416174
2021-01-08,122.8048720989499
2021-01-09,122.6652165565439
2021-01-10,122.5257198325153
2021-01-11,121.75518371206951
2021-01-12,122.51022485565564
2021-01-13,122.98895462134605
2021-01-14,123.75578141082593
2021-01-15,123.09226414151544
2021-01-16,122.9522817725683
2021-01-17,122.81245859367054
2021-01-18,123.03044497016711
2021-01-19,122.77376882614755
2021-01-20,123.23492571109071
2021-01-21,122.79902036470752
2021-01-22,122.08778548953656
2021-01-23,121.9489454287778
2021-01-24,121.81026325901851
2021-01-25,121.72042564874539
2021-01-26,122.98439458343601
2021-01-27,122.5356657433852
2021-01-28,122.43636772773847
2021-01-29,122.1634383358899
2021-01-30,122.02451224157961
2021-01-31,121.88574413610745
2021-02-01,121.92922794977699
2021-02-02,122.60070713869393
2021-02-03,122.54919521120671
2021-02-04,121.92285993927202
2021-02-05,122.6582712101757
2021-02-06,122.54520540707621
2021-02-07,122.43224382748899
2021-02-08,122.75533050869387
2021-02-09,122.84436330599189
2021-02-10,122.93005951023986
2021-02-11,122.75688083646617
2021-02-12,122.9033635313212
2021-02-13,122.79007180330161
2021-02-14,122.67688450705072
2021-02-15,122.56380154630395
2021-02-16,122.4508228248852
2021-02-17,122.42614175131514
2021-02-18,122.2125280473535
2021-02-19,122.0998731281527
2021-02-20,121.98732205371331
2021-02-21,121.8748747283118
2021-02-22,122.46292409903762
2021-02-23,122.52348540694233
2021-02-24,122.82780644798423
2021-02-25,122.24402871998494
2021-02-26,121.26004580881478
2021-02-27,121.1482688831498
2021-02-28,121.03659499291608
2021-03-01,121.16257450662478
2021-03-02,120.42667854112041
2021-03-03,119.88779898286937
2021-03-04,120.47069033162407
2021-03-05,119.57765623434113
2021-03-06,119.40276268898167
2021-03-07,119.22812494184718
2021-03-08,118.81900826342297
2021-03-09,118.5404935301557
2021-03-10,119.0364606932244
2021-03-11,120.3464643603233
2021-03-12,119.88392517815076
2021-03-13,119.70858368571571
2021-03-14,119.53349864667027
2021-03-15,119.33604777118686
2021-03-16,119.25201955212579
2021-03-17,119.13510360686368
2021-03-18,119.71017275962772
2021-03-19,120.04343833716142
2021-03-20,119.86786354176
2021-03-21,119.69254554097563
2021-03-22,119.52894172808885
2021-03-23,119.29090241291024
2021-03-24,119.11642827192826
2021-03-25,117.78484126934356
2021-03-26,117.21364885553838
2021-03-27,117.04221289284742
2021-03-28,116.87102767134223
2021-03-29,116.49358423967344
2021-03-30,116.3520497769065
2021-03-31,116.82459252792354
2021-04-01,116.67707045229376
2021-04-02,116.52973466246502
2021-04-03,116.38258492320195
2021-04-04,116.2356209995664
2021-04-05,116.61213608073919
2021-04-06,117.0565822855173
2021-04-07,117.07292858344758
2021-04-08,117.38810816763039
2021-04-09,116.46767370880966
2021-04-10,116.32060233798344
2021-04-11,116.17371668382373
2021-04-12,116.1147330470308
2021-04-13,116.23964814917345
2021-04-14,116.22451344907097
2021-04-15,116.67214531347099
2021-04-16,116.86368249540422
2021-04-17,116.71611105830854
2021-04-18,116.56872596934586
2021-04-19,116.84973228535058
2021-04-20,116.98805703938253
2021-04-21,116.74289385576753
2021-04-22,117.17730481174237
2021-04-23,117.00410363275033
2021-04-24,116.85635487667419
2021-04-25,116.70879269264334
2021-04-26,117.17674905975433
2021-04-27,117.17313853226894
2021-04-28,117.41180072935231
2021-04-29,117.60875443920311
2021-04-30,116.86630905101534
2021-05-01,116.7630764723823
2021-05-02,116.65993198790538
2021-05-03,116.94588906586382
2021-05-04,116.73637700149983
2021-05-05,116.91393514268273
2021-05-06,117.59933073437152
2021-05-07,118.42693540141458
2021-05-08,118.32232112120549
2021-05-09,118.21779925365223
2021-05-10,118.31809508603222
2021-05-11,118.16225492368521
2021-05-12,117.41348628850956
2021-05-13,117.05255988786669
2021-05-14,117.50725749698255
2021-05-15,117.40345562859234
2021-05-16,117.2997454552013
2021-05-17,117.39660084302166
2021-05-18,117.56999269704667
2021-05-19,117.35586555049291
2021-05-20,117.21715568192712
2021-05-21,116.67895080498995
2021-05-22,116.57588063423327
2021-05-23,116.47290151211922
2021-05-24,116.37001335821861
2021-05-25,116.26721609217327
2021-05-26,116.72769055182756
2021-05-27,117.19842981029129
2021-05-28,117.37887569413836
2021-05-29,117.27518723381576
2021-05-30,117.17159036831156
2021-05-31,117.29603982489876
2021-06-01,117.55365115708327
2021-06-02,118.11041843432908
2021-06-03,117.73423737331163
2021-06-04,118.0773633749859
2021-06-05,117.97199770897173
2021-06-06,117.86672606541254
2021-06-07,118.06407334064701
2021-06-08,117.99488743946915
2021-06-09,117.68335704956424
2021-06-10,117.62018998342214
2021-06-11,117.0228735202425
2021-06-12,116.91844882227403
2021-06-13,116.81411730709294
2021-06-14,117.23506262322942
2021-06-15,117.15731901194437
2021-06-16,117.14723953070221
2021-06-17,116.59628869841366
2021-06-18,115.96521841238688
2021-06-19,115.8617375069597
2021-06-20,115.75834894213202
2021-06-21,115.65505263550423
2021-06-22,116.30237680149611
2021-06-23,116.57014673790083
2021-06-24,116.92082353698052
2021-06-25,116.59297930400948
2021-06-26,116.48893821970847
2021-06-27,116.38498997587938
2021-06-28,116.48591680003297
2021-06-29,116.354012096923
2021-06-30,115.69575379625225
2021-07-01,115.23708500394092
2021-07-02,115.33531014399232
2021-07-03,115.25766327661464
2021-07-04,115.18006868321973
2021-07-05,114.9110109234796
2021-07-06,114.02201415264084
2021-07-07,113.42605309575981
2021-07-08,113.50841746377725
2021-07-09,113.43200051023497
2021-07-10,113.35563500266399
2021-07-11,113.27932090642949
2021-07-12,113.86479727008904
2021-07-13,113.68289635831479
2021-07-14,114.38579407256388
2021-07-15,113.91853217504078
2021-07-16,114.10027427315865
2021-07-17,114.02345886551647
2021-07-18,113.94669517209581
2021-07-19,112.94663491936399
2021-07-20,112.98108805300274
2021-07-21,113.11208059618092
2021-07-22,113.13834862598573
2021-07-23,113.05698353650484
2021-07-24,112.98087050055929
2021-07-25,112.90480870597952
2021-07-26,113.17462508288534
2021-07-27,113.06428943688147
2021-07-28,112.90992943290475
2021-07-29,114.10662307190948
2021-07-30,113.27060717386681
2021-07-31,113.19435032067902
2021-08-01,113.12892797936726
2021-08-02,113.4711809610635
2021-08-03,112.61375256562933
2021-08-04,112.86657370376565
2021-08-05,112.84634804601063
2021-08-06,112.22821840441321
2021-08-07,112.16335445326663
2021-08-08,112.09852799119562
2021-08-09,112.19591792143608
2021-08-10,112.24035887047042
2021-08-11,112.26627904689215
2021-08-12,112.17719325371453
2021-08-13,112.20750764700679
2021-08-14,112.14265566594739
2021-08-15,112.07784116704526
2021-08-16,112.01306412863703
2021-08-17,111.5514906735078
2021-08-18,111.10094930355841
2021-08-19,110.51364234159615
2021-08-20,110.50312137089291
2021-08-21,110.43925446497522
2021-08-22,110.37542447187612
2021-08-23,110.75922651462018
2021-08-24,111.59307602659393
2021-08-25,111.73310653769053
2021-08-26,111.56299394099645
2021-08-27,111.99945962839809
2021-08-28,111.93472789175406
2021-08-29,111.87003356777032
2021-08-30,112.11688588198999
2021-08-31,112.37519555686421
2021-09-01,112.40882553841638
2021-09-02,112.38486682772275
2021-09-03,112.29656497703327
2021-09-04,112.16529539848388
2021-09-05,112.03417926810326
2021-09-06,111.9812263952521
2021-09-07,111.7427999855702
2021-09-08,110.76803990263863
2021-09-09,110.62895214522325
2021-09-10,110.91444106425253
2021-09-11,110.78478712571467
2021-09-12,110.65528474673587
2021-09-13,110.76373758125354
2021-09-14,110.64830235476744
2021-09-15,110.50536717069686
2021-09-16,110.13463047760767
2021-09-17,109.76286412403684
2021-09-18,109.63455632658214
2021-09-19,109.50639851510873
2021-09-20,109.14490389891247
2021-09-21,109.50060687609775
2021-09-22,109.42489900471732
2021-09-23,109.2632807281527
2021-09-24,108.72218314615321
2021-09-25,108.59509185744388
2021-09-26,108.46814913267244
2021-09-27,108.27051946023283
2021-09-28,107.52933316055085
2021-09-29,107.2037011711407
2021-09-30,107.0780246340891
2021-10-01,107.734099448607
2021-10-02,107.63369228997009
2021-10-03,107.53337870985247
2021-10-04,107.04676872424179
2021-10-05,106.75956622333831
2021-10-06,106.31549493853878
2021-10-07,106.3086909566613
2021-10-08,106.20961226521632
2021-10-09,106.11062591417186
2021-10-10,106.0117318174675
2021-10-11,105.91292988912309
2021-10-12,105.5392649560115
2021-10-13,105.66889000029865
2021-10-14,105.70396772900861
2021-10-15,106.08097101404674
2021-10-16,105.98210455542798
2021-10-17,105.88333023941072
2021-10-18,105.57579521529618
2021-10-19,105.42765561627054
2021-10-20,105.5144954412896
2021-10-21,104.60706934387176
2021-10-22,104.65937560397678
2021-10-23,104.56183405879385
2021-10-24,104.46438342140564
2021-10-25,105.12126412412772
2021-10-26,104.93962924690985
2021-10-27,105.0145787439613
2021-10-28,104.8747213321895
2021-10-29,104.20388798763287
2021-10-30,104.10677095258724
2021-10-31,104.00974442969695
2021-11-01,103.94312856733619
2021-11-02,103.84655509327652
2021-11-03,104.26513974865068
2021-11-04,104.13061880858632
2021-11-05,104.69328346115753
2021-11-06,104.62309546841001
2021-11-07,104.55295453077595
2021-11-08,104.62399394088983
2021-11-09,105.07064603524958
2021-11-10,104.77309945258091
2021-11-11,105.00845513106762
2021-11-12,104.66434910816879
2021-11-13,104.59418051345804
2021-11-14,104.52405896085595
2021-11-15,104.3988631789927
2021-11-16,103.91491175417798
2021-11-17,103.83010928810303
2021-11-18,103.51447984995565
2021-11-19,103.24656956640167
2021-11-20,103.17735147297338
2021-11-21,103.10817978442302
2021-11-22,103.03905446964004
2021-11-23,102.66929642139759
2021-11-24,102.77195928179135
2021-11-25,102.94718770059023
2021-11-26,103.04376624173406
2021-11-27,102.97468411078405
2021-11-28,102.90564829356066
2021-11-29,102.73134776805506
2021-11-30,102.75535483569855
2021-12-01,102.62751577510558
2021-12-02,102.58958026232052
2021-12-03,102.46466312996702
2021-12-04,102.36037601377008
2021-12-05,102.25619503955686
2021-12-06,101.96118612733247
2021-12-07,102.3514822382101
2021-12-08,102.24731031595854
2021-12-09,102.52824334392037
2021-12-10,102.44078384843638
2021-12-11,102.3365210362417
2021-12-12,102.2323643412945
2021-12-13,101.90117634573
2021-12-14,101.655778979019
2021-12-15,101.37879720507759
2021-12-16,101.76593753375363
2021-12-17,101.662466136207
2021-12-18,101.55899548500926
2021-12-19,101.45563014480842
2021-12-20,101.13923247056202
2021-12-21,100.99794439426428
2021-12-22,101.47229161767315
2021-12-23,101.48165638203285
2021-12-24,101.37836975650083
2021-12-25,101.2751882546669
2021-12-26,101.17211176953774
2021-12-27,101.4694230343971
2021-12-28,101.40029156126079
2021-12-29,101.18155332856338
2021-12-30,101.78413302502788
2021-12-31,101.82600169319136
2022-01-01,101.71866396820879
2022-01-02,101.61143939101771
2022-01-03,101.09222200914616
2022-01-04,100.93039422622519
2022-01-05,101.060498575241
2022-01-06,100.7975266312935
2022-01-07,101.27299888474946
2022-01-08,101.16624409597554
2022-01-09,101.0596018405032
2022-01-10,100.84463512892232
2022-01-11,101.32668583882271
2022-01-12,101.90930327358375
2022-01-13,102.04950573171982
2022-01-14,101.79401518337936
2022-01-15,101.68671117629928
2022-01-16,101.57952028146764
2022-01-17,101.91364972446448
2022-01-18,101.33987907536246
2022-01-19,102.0047886135279
2022-01-20,102.37408311799648
2022-01-21,102.11530088541119
2022-01-22,102.0076582018069
2022-01-23,101.90012898745977
2022-01-24,101.52301488036193
2022-01-25,101.71086425283231
2022-01-26,101.95782485753631
2022-01-27,101.44997973664205
2022-01-28,101.50589631351473
2022-01-29,101.3988960208445
2022-01-30,101.29200852026862
2022-01-31,102.11911864316123
2022-02-01,102.27893115020585
2022-02-02,102.29376656211475
2022-02-03,102.45274678256429
2022-02-04,102.19923240694517
2022-02-05,102.07902902217174
2022-02-06,101.95896701667655
2022-02-07,102.3766174946686
2022-02-08,102.37918651939908
2022-02-09,102.74161060849562
2022-02-10,102.81965882251924
2022-02-11,102.91426832386162
2022-02-12,102.79322393729764
2022-02-13,102.67232191917057
2022-02-14,102.4985872927263
2022-02-15,102.77400359482687
2022-02-16,103.05136179324887
2022-02-17,102.9209459260509
2022-02-18,103.04368819351437
2022-02-19,102.92249158754501
2022-02-20,102.80143752904804
2022-02-21,103.19618152048997
2022-02-22,103.50673196271447
2022-02-23,103.78266688247892
2022-02-24,102.37031144539786
2022-02-25,102.47197685436522
2022-02-26,102.35145267651944
2022-02-27,102.23107025525815
2022-02-28,102.1108294238519
2022-03-01,101.92460385368048
2022-03-02,102.0872602976097
2022-03-03,102.5166061124392
2022-03-04,102.033467212206
2022-03-05,101.84713685269202
2022-03-06,101.66114676391291
2022-03-07,101.36561654391897
2022-03-08,101.63150248411266
2022-03-09,102.24344372772146
2022-03-10,101.61588291046453
2022-03-11,101.31636155796431
2022-03-12,101.13134075459904
2022-03-13,100.94665783049777
2022-03-14,100.6076774321344
2022-03-15,100.21283201009292
2022-03-16,100.51270228170964
2022-03-17,101.25254177120514
2022-03-18,101.30419999454865
2022-03-19,101.11920140025401
2022-03-20,100.93454064466594
2022-03-21,101.25895227580865
2022-03-22,101.3465076616064
2022-03-23,101.65803142566756
2022-03-24,101.4723866753658
2022-03-25,102.11113985306584
2022-03-26,101.92466765017932
2022-03-27,101.73853597705771
2022-03-28,101.59743972924515
2022-03-29,101.92682939658513
2022-03-30,101.90655484710855
2022-03-31,102.02514444449208
2022-04-01,102.08505942660855
2022-04-02,101.90517883874625
2022-04-03,101.72561521230878
2022-04-04,102.32920604205293
2022-04-05,101.8677232856072
2022-04-06,101.41708290496652
2022-04-07,101.02103008797687
2022-04-08,101.03104340763676
2022-04-09,100.85302006531238
2022-04-10,100.67531041182409
2022-04-11,101.03812821236791
2022-04-12,101.14341772028794
2022-04-13,101.21881361472158
2022-04-14,101.04045940894449
2022-04-15,100.8624194750066
2022-04-16,100.68469325914029
2022-04-17,100.50728020855368
2022-04-18,100.80986609283316
2022-04-19,100.6041026958241
2022-04-20,101.00029191525759
2022-04-21,100.7280032590449
2022-04-22,99.23398642417195
2022-04-23,99.05912961442762
2022-04-24,98.88458091388068
2022-04-25,98.18236576807438
2022-04-26,97.51194953081875
2022-04-27,97.49506068490021
2022-04-28,96.79685079582538
2022-04-29,97.31266037125316
2022-04-30,97.14118906436117
2022-05-01,97.00550499817653
2022-05-02,96.17123173488572
2022-05-03,96.85577853649143
2022-05-04,96.71649611578357
2022-05-05,96.07329648116603
2022-05-06,95.94287337733266
2022-05-07,95.8088753913019
2022-05-08,95.67506455268112
2022-05-09,95.320829090958
2022-05-10,95.37625622383263
2022-05-11,95.36134436744872
2022-05-12,94.89950835221322
2022-05-13,95.37581391993477
2022-05-14,95.24260791378303
2022-05-15,95.10958794892778
2022-05-16,95.38587112211158
2022-05-17,96.50509222086166
2022-05-18,96.37030901556354
2022-05-19,97.12141583573462
2022-05-20,97.16166303809263
2022-05-21,97.02596283746074
2022-05-22,96.8904521616257
2022-05-23,97.91987713837128
2022-05-24,98.02369689770171
2022-05-25,97.88679274312291
2022-05-26,97.87545313471384
2022-05-27,98.31626693774005
2022-05-28,98.1789541671301
2022-05-29,98.04183317350234
2022-05-30,98.44188602705616
2022-05-31,98.2992365089561
2022-06-01,97.69127005093836
2022-06-02,98.00290136331066
2022-06-03,97.99962117379737
2022-06-04,97.85658483068458
2022-06-05,97.71375725772015
2022-06-06,97.92506708062804
2022-06-07,97.34099862070936
2022-06-08,97.21296132316171
2022-06-09,97.05821665089385
2022-06-10,96.03647487237563
2022-06-11,95.89630385939971
2022-06-12,95.75633743445042
2022-06-13,95.03063402509028
2022-06-14,94.71087596002148
2022-06-15,95.14589339508966
2022-06-16,95.70121606931876
2022-06-17,95.56153438673624
2022-06-18,95.42205657797327
2022-06-19,95.28278234546363
2022-06-20,95.14371139207559
2022-06-21,95.00582477437247
2022-06-22,94.99416883777573
2022-06-23,94.48307592273838
2022-06-24,94.46912220868255
2022-06-25,94.33123884121684
2022-06-26,94.19355672282154
2022-06-27,94.54662795302633
2022-06-28,94.22889264200684
2022-06-29,94.26835544316984
2022-06-30,94.41955786485843
2022-07-01,93.66502173286457
2022-07-02,93.46364526584307
2022-07-03,93.26270175106688
2022-07-04,93.35569008636065
2022-07-05,92.40769855744631
2022-07-06,92.05286403718493
2022-07-07,92.4381800829763
2022-07-08,92.65141385852324
2022-07-09,92.45221661239871
2022-07-10,92.2534476332721
2022-07-11,91.82029870889392
2022-07-12,91.36192212482418
2022-07-13,91.51972407205406
2022-07-14,90.8331549105228
2022-07-15,91.28344473459615
2022-07-16,91.08718857345805
2022-07-17,90.89135435608968
2022-07-18,91.41692306245388
2022-07-19,91.6669607394495
2022-07-20,91.0993735337791
2022-07-21,90.81373426067904
2022-07-22,90.9208876269631
2022-07-23,90.72541095071787
2022-07-24,90.53035454237754
2022-07-25,91.31210429034822
2022-07-26,91.38069359339922
2022-07-27,91.6543273489417
2022-07-28,92.31794159280128
2022-07-29,92.40786258528652
2022-07-30,92.20918896574146
2022-07-31,92.01094248741576
2022-08-01,92.33518564103356
2022-08-02,91.78901496527669
2022-08-03,91.72294349508402
2022-08-04,92.128835604875
2022-08-05,92.02895356461653
2022-08-06,91.83834869466524
2022-08-07,91.64813859413205
2022-08-08,92.49381004140947
2022-08-09,92.38833758743333
2022-08-10,93.10080220832823
2022-08-11,92.54226222904906
2022-08-12,92.93037528049662
2022-08-13,92.73790343974676
2022-08-14,92.5458302351734
2022-08-15,92.35415484114512
2022-08-16,92.04377690378789
2022-08-17,91.66858102572864
2022-08-18,91.27052320762704
2022-08-19,91.21580048752269
2022-08-20,91.02687977163927
2022-08-21,90.83835033705473
2022-08-22,90.72012944483902
2022-08-23,91.2617088756081
2022-08-24,91.05069087876883
2022-08-25,91.1608864942954
2022-08-26,91.20942145210849
2022-08-27,91.02051394810209
2022-08-28,90.83199769803089
2022-08-29,91.38695587102904
2022-08-30,90.8487267622083
2022-08-31,90.4047208002257
2022-09-01,89.85424318682227
2022-09-02,89.66568998623843
2022-09-03,89.47753245210492
2022-09-04,89.28976975414187
2022-09-05,90.32472619692263
2022-09-06,89.68200405144682
2022-09-07,89.74679617661788
2022-09-08,89.9737854795912
2022-09-09,90.42185567880473
2022-09-10,90.23211138085856
2022-09-11,90.04276524880197
2022-09-12,90.9363559513811
2022-09-13,90.1361327458784
2022-09-14,90.07996220832796
2022-09-15,89.63291945577652
2022-09-16,89.43978062599773
2022-09-17,89.25209714775082
2022-09-18,89.0648075108993
2022-09-19,89.95370823359322
2022-09-20,89.83388758235849
2022-09-21,89.31069160814272
2022-09-22,89.50483891847226
2022-09-23,88.38783220338456
2022-09-24,88.20235616949306
2022-09-25,88.01726934482063
2022-09-26,87.20701123922836
2022-09-27,87.30319702838752
2022-09-28,87.72068715246655
2022-09-29,87.61078480513967
2022-09-30,87.79572861034823
2022-10-01,87.62730520152856
2022-10-02,87.45908083153695
2022-10-03,88.86941943146093
2022-10-04,89.22594085884835
2022-10-05,88.91636648828887
2022-10-06,88.83565710419361
2022-10-07,88.66511297511452
2022-10-08,88.49489625172939
2022-10-09,88.32500630549423
2022-10-10,88.15544250907175
2022-10-11,88.55271516101327
2022-10-12,87.93805570214221
2022-10-13,88.47425716616365
2022-10-14,87.79482210617124
2022-10-15,87.62627614206373
2022-10-16,87.45805374763076
2022-10-17,88.10100573069617
2022-10-18,88.2067923503355
2022-10-19,87.90505654292534
2022-10-20,88.38133181741632
2022-10-21,88.57384093785721
2022-10-22,88.40379943589342
2022-10-23,88.23408437469458
2022-10-24,88.05401056108177
2022-10-25,88.15359084800575
2022-10-26,88.50315660065617
2022-10-27,88.44976447716935
2022-10-28,89.20185551093287
2022-10-29,89.03060836472774
2022-10-30,88.85968997384855
2022-10-31,88.70944261801623
2022-11-01,89.22169859961355
2022-11-02,89.11365319945689
2022-11-03,88.90796977361684
2022-11-04,90.13056466594155
2022-11-05,89.98627542585723
2022-11-06,89.84221717716724
2022-11-07,89.98901958207176
2022-11-08,89.99333370925004
2022-11-09,89.89376138204707
2022-11-10,89.44939462695137
2022-11-11,90.04723158350835
2022-11-12,89.9030757506337
2022-11-13,89.75915069558293
2022-11-14,90.52131751233003
2022-11-15,90.68512298794789
2022-11-16,90.34625182393641
2022-11-17,89.59350044321029
2022-11-18,90.25927835401127
2022-11-19,90.11478305729888
2022-11-20,89.97051908185512
2022-11-21,89.82648605735972
2022-11-22,90.25208455278188
2022-11-23,90.28283883185945
2022-11-24,90.81165147851358
2022-11-25,90.46592696910409
2022-11-26,90.32110085041421
2022-11-27,90.17650658260298
2022-11-28,90.57435909278591
2022-11-29,91.06050091722531
2022-11-30,91.48326828551846
2022-12-01,92.4710594678404
2022-12-02,92.5831661664431
2022-12-03,92.445645955974
2022-12-04,92.30833001383002
2022-12-05,92.63047173382597
2022-12-06,92.59655388493766
2022-12-07,93.15936302894019
2022-12-08,93.02098695323033
2022-12-09,92.88281641712167
2022-12-10,92.74485111531202
2022-12-11,92.60709074295256
2022-12-12,92.6579458340131
2022-12-13,93.32646444863198
2022-12-14,93.10972946816355
2022-12-15,92.95864661717285
2022-12-16,93.10010281112339
2022-12-17,92.9618147587331
2022-12-18,92.8237321151969
2022-12-19,93.00114094194304
2022-12-20,93.7184895754094
2022-12-21,93.89933463466953
2022-12-22,93.84892630376758
2022-12-23,94.05398164581041
2022-12-24,93.91427673090031
2022-12-25,93.77477932940863
2022-12-26,93.90812318005982
2022-12-27,93.53010320905992
2022-12-28,93.79692148122564
2022-12-29,93.7577358136148
2022-12-30,94.08865288266152
2022-12-31,93.94889646815396
2023-01-01,93.78724317320122
2023-01-02,93.6850381293759
2023-01-03,92.94954876385899
2023-01-04,93.08591066571887
2023-01-05,93.37878494182436
2023-01-06,94.44203865818469
2023-01-07,94.27953683746
2023-01-08,94.11731462571153
2023-01-09,94.79068232311987
2023-01-10,94.94209961910396
2023-01-11,95.29317300758458
2023-01-12,96.09612442404395
2023-01-13,96.16711353607165
2023-01-14,96.00164346294022
2023-01-15,95.83645810611252
2023-01-16,95.79530259248949
2023-01-17,95.80566565496993
2023-01-18,95.56215041003692
2023-01-19,95.21508623955391
2023-01-20,95.4415916520287
2023-01-21,95.27736994910202
2023-01-22,95.11343081446913
2023-01-23,95.39571766011774
2023-01-24,95.67335905826593
2023-01-25,96.07814881006327
2023-01-26,96.03778399181651
2023-01-27,95.91261029324455
2023-01-28,95.74757813145989
2023-01-29,95.58282993248618
2023-01-30,95.86921453174088
2023-01-31,96.2231173111011
2023-02-01,96.23905710054454
2023-02-02,96.79183865867356
2023-02-03,95.71678597838913
2023-02-04,95.52821847693528
2023-02-05,95.34002246416274
2023-02-06,94.90415609066295
2023-02-07,95.4221702081723
2023-02-08,94.97146345004343
2023-02-09,94.89298881274615
2023-02-10,94.64155293995955
2023-02-11,94.45510370862378
2023-02-12,94.26902179285696
2023-02-13,95.07067336349543
2023-02-14,94.86814331627426
2023-02-15,94.53876586259456
2023-02-16,94.61831593044974
2023-02-17,94.910372807995
2023-02-18,94.72339398626045
2023-02-19,94.53678352341801
2023-02-20,94.35054069377973
2023-02-21,94.16466477308738
2023-02-22,94.56398384538996
2023-02-23,94.663429804447
2023-02-24,93.9894355367094
2023-02-25,93.80427101367351
2023-02-26,93.61947127525832
2023-02-27,94.10336516784852
2023-02-28,94.02897742624064
2023-03-01,94.52273310647114
2023-03-02,94.08392440756624
2023-03-03,94.23742669716005
2023-03-04,94.01237594755945
2023-03-05,93.78786264726826
2023-03-06,94.28266775381839
2023-03-07,93.75845968025871
2023-03-08,93.93327107314823
2023-03-09,93.90060585700151
2023-03-10,93.91933033910878
2023-03-11,93.69503924335628
2023-03-12,93.47128378276487
2023-03-13,93.76625451671282
2023-03-14,93.5414725369545
2023-03-15,92.71099328721773
2023-03-16,92.950187508736
2023-03-17,93.1013273730087
2023-03-18,92.87898977054596
2023-03-19,92.6571831380582
2023-03-20,93.24615045280157
2023-03-21,93.33456218821857
2023-03-22,93.3956812878836
2023-03-23,93.53941530232045
2023-03-24,93.3160314911449
2023-03-25,93.0931811484215
2023-03-26,92.87086300016092
2023-03-27,93.37057961711669
2023-03-28,93.78977698836914
2023-03-29,93.90201488419102
2023-03-30,94.11717467389688
2023-03-31,94.22215176270578
2023-04-01,93.97676091368295
2023-04-02,93.73200915714166
2023-04-03,94.11453752082993
2023-04-04,94.08620144598783
2023-04-05,94.08905866510504
2023-04-06,93.8440144418768
2023-04-07,93.59960840838268
2023-04-08,93.35583890253038
2023-04-09,93.1127042665562
2023-04-10,93.61840663855743
2023-04-11,94.0213503658798
2023-04-12,94.60947392306072
2023-04-13,94.87832529909173
2023-04-14,94.55129001825003
2023-04-15,94.30504196617609
2023-04-16,94.05943523907129
2023-04-17,94.17308097276026
2023-04-18,94.02509753305085
2023-04-19,93.48538881609718
2023-04-20,93.63359553792702
2023-04-21,93.52589656299169
2023-04-22,93.28231903123448
2023-04-23,93.03937586938078
2023-04-24,93.58980095543845
2023-04-25,93.24315411389627
2023-04-26,93.56987313780549
2023-04-27,93.86738507288324
2023-04-28,93.91961206626894
2023-04-29,93.6750091473834
2023-04-30,93.4310432689052
2023-05-01,93.21195256224017
2023-05-02,93.35123063400418
2023-05-03,93.84779395731225
2023-05-04,93.83598996130328
2023-05-05,94.1967374632314
2023-05-06,93.9758436836223
2023-05-07,93.75546790562544
2023-05-08,93.77455122486622
2023-05-09,93.69948604690191
2023-05-10,93.77362313943605
2023-05-11,93.6722223446115
2023-05-12,93.52990295416427
2023-05-13,93.31057291868312
2023-05-14,93.0917572177939
2023-05-15,93.61055774836721
2023-05-16,93.29865491528183
2023-05-17,93.24505507547654
2023-05-18,92.6399139231385
2023-05-19,92.73847251146472
2023-05-20,92.52099840079052
2023-05-21,92.3040342725166
2023-05-22,92.83681403330094
2023-05-23,92.65968245656985
2023-05-24,92.77589183350811
2023-05-25,92.55832997355826
2023-05-26,92.34127830178306
2023-05-27,92.12473562177809
2023-05-28,91.90870073994445
2023-05-29,92.23643857996842
2023-05-30,92.00741661397595
2023-05-31,91.73045076913904
2023-06-01,92.40707502506635
2023-06-02,92.69926067412223
2023-06-03,92.52654497867404
2023-06-04,92.35415108418992
2023-06-05,93.07841501291968
2023-06-06,93.15166184897605
2023-06-07,93.01518708500825
2023-06-08,93.38324267801467
2023-06-09,93.60798840177655
2023-06-10,93.43357958018781
2023-06-11,93.25949571416719
2023-06-12,93.7099180854261
2023-06-13,93.7432375325946
2023-06-14,94.15084332734592
2023-06-15,94.6872249067664
2023-06-16,94.78225759135496
2023-06-17,94.60566089126272
2023-06-18,94.42939322315681
2023-06-19,94.25345397399036
2023-06-20,94.0778425318588
2023-06-21,95.01231574932666
2023-06-22,95.02871610220514
2023-06-23,94.89060934353168
2023-06-24,94.7138107642864
2023-06-25,94.5373415931653
2023-06-26,94.8306726008182
2023-06-27,94.88682663287783
2023-06-28,94.51569050614046
2023-06-29,94.26727390996784
2023-06-30,94.74642552619312
2023-07-01,94.57731876400841
2023-07-02,94.40843521079802
2023-07-03,94.65493521944724
2023-07-04,94.84737220129698
2023-07-05,94.57122425861402
2023-07-06,94.23015744841673
2023-07-07,94.89431675791646
2023-07-08,94.72486715199628
2023-07-09,94.55572012656698
2023-07-10,94.86935853983573
2023-07-11,95.09771216468313
2023-07-12,95.96582339157507
2023-07-13,96.24963735883789
2023-07-14,96.31865002574652
2023-07-15,96.14665703557343
2023-07-16,95.97497116752734
2023-07-17,96.31356510153391
2023-07-18,96.33849198304858
2023-07-19,96.26028098941313
2023-07-20,96.28042588880236
2023-07-21,96.47726631248804
2023-07-22,96.30499008651957
2023-07-23,96.13302148844285
2023-07-24,96.6687179231013
2023-07-25,96.71259846256513
2023-07-26,96.95975759175735
2023-07-27,96.95980523439336
2023-07-28,97.01721802143301
2023-07-29,96.84397762176668
2023-07-30,96.67104657168478
2023-07-31,96.92779598038004
2023-08-01,96.30675495600815
2023-08-02,96.20253808160516
2023-08-03,95.6521462853058
2023-08-04,96.04271731051774
2023-08-05,95.69778385215474
2023-08-06,95.3540892080822
2023-08-07,95.94831044024473
2023-08-08,95.79026655837855
2023-08-09,95.74056730945769
2023-08-10,95.98114246448824
2023-08-11,95.70067360436695
2023-08-12,95.35696858186856
2023-08-13,95.01449796178382
2023-08-14,114.79996698681096
2023-08-15,114.03515325403137
2023-08-16,113.57499538066106
2023-08-17,113.07816725202167
2023-08-18,112.87864941883197
2023-08-19,112.47325040462563
2023-08-20,112.06930736425991
2023-08-21,111.66681506866483
2023-08-22,111.37788363697348
2023-08-23,111.63111154482577
2023-08-24,111.10904465894862
2023-08-25,110.63302629156509
2023-08-26,110.23569234020951
2023-08-27,109.83978539735398
2023-08-28,109.20005224192107
2023-08-29,109.20601861396746
2023-08-30,108.95103636778065
2023-08-31,107.91151144337456
2023-09-01,107.36893804205778
2023-09-02,106.92769100796954
2023-09-03,106.48825733767752
2023-09-04,106.08740047872453
2023-09-05,105.00136943489264
2023-09-06,104.49343647835522
2023-09-07,103.87077866838928
2023-09-08,103.37798224998143
2023-09-09,102.95313658335141
2023-09-10,102.530036876901
2023-09-11,102.65712998000309
2023-09-12,102.23524675234236
2023-09-13,102.04666418824762
2023-09-14,101.6088044854405
2023-09-15,101.3259358938414
2023-09-16,100.90952338660526
2023-09-17,100.49482218235049
2023-09-18,100.18281482264557
2023-09-19,99.59860501725572
2023-09-20,99.36413276103787
2023-09-21,98.36982850598181
2023-09-22,97.93513816279018
2023-09-23,97.53266059306299
2023-09-24,97.13183705882474
2023-09-25,96.3138823711572
2023-09-26,95.75056458298181
2023-09-27,94.60549392634854
2023-09-28,94.54073045451523
2023-09-29,94.39879025948139
2023-09-30,94.01084578519408
2023-10-01,93.76996132769571
2023-10-02,93.0340393315581
2023-10-03,92.35004726446286
2023-10-04,92.02873298441956
2023-10-05,91.76719406813201
2023-10-06,91.6774553332198
2023-10-07,91.44269666177775
2023-10-08,91.20853913740746
2023-10-09,91.06748134213126
2023-10-10,91.16466301054695
2023-10-11,91.01693812719208
2023-10-12,90.5951109734967
2023-10-13,90.3631238637544
2023-10-14,90.13173080393939
2023-10-15,89.90093027286665
2023-10-16,89.67072075324647
2023-10-17,89.59881195536119
2023-10-18,89.26501482295464
2023-10-19,89.16777528826245
2023-10-20,88.91109144133277
2023-10-21,88.68341660429282
2023-10-22,88.45632477473347
2023-10-23,88.48426601710379
2023-10-24,88.1789636418946
2023-10-25,87.92546526149893
2023-10-26,87.66158382839546
2023-10-27,87.48651580377552
2023-10-28,87.26248888085824
2023-10-29,87.03903562419949
2023-10-30,86.70280511703535
2023-10-31,86.4466960241859
2023-11-01,86.32594195641063
2023-11-02,86.40297526999152
2023-11-03,86.71580640001086
2023-11-04,86.3680931485037
2023-11-05,86.0217741584385
2023-11-06,85.67684383910235
2023-11-07,85.28653539052958
2023-11-08,84.75669933747417
2023-11-09,84.36937899702131
2023-11-10,83.95690060309643
2023-11-11,83.62025001876697
2023-11-12,83.28494933676966
2023-11-13,82.9211967640966
2023-11-14,83.34826103293508
2023-11-15,83.72416197713318
2023-11-16,83.56066976788246
2023-11-17,83.34244204705338
2023-11-18,83.00825532013705
2023-11-19,82.6754086159715
2023-11-20,82.34389656133021
2023-11-21,82.73844798833746
2023-11-22,82.33019491546827
2023-11-23,82.25007561049868
2023-11-24,82.14974392778588
2023-11-25,81.82033968469037
2023-11-26,81.49225628753037
2023-11-27,81.43980376937857
2023-11-28,81.55116384965504
2023-11-29,81.24651524245691
2023-11-30,80.68520499634153
2023-12-01,80.55724119421498
2023-12-02,79.97917762985396
2023-12-03,79.40526214056962
2023-12-04,78.6263322269245
2023-12-05,78.16716864858851
2023-12-06,77.85023759609416
2023-12-07,81.90138951844916
2023-12-08,81.31368059930915
2023-12-09,80.73018896849194
2023-12-10,80.1508843635322
2023-12-11,75.22595727758528
2023-12-12,74.78633418546437
2023-12-13,162.01732965374222
2023-12-14,162.8749860906854
2023-12-15,161.09430192416013
2023-12-16,159.93831960664235
2023-12-17,158.79063240013997
2023-12-18,157.9944523770471
2023-12-19,157.8943293474464
2023-12-20,156.372195411285
2023-12-21,155.45538798441882
2023-12-22,154.87403544038742
2023-12-23,153.76268858160162
2023-12-24,152.65931653820064
2023-12-25,151.5638620844138
2023-12-26,151.16691460647098
2023-12-27,150.41372832986303
2023-12-28,149.26087255607584
2023-12-29,148.339589321471
2023-12-30,147.27513241520379
2023-12-31,146.21831385086864
2024-01-01,145.34936337037695
2024-01-02,143.86432114779606
2024-01-03,142.79650125286878
2024-01-04,142.11754877889075
2024-01-05,141.7143420583365
2024-01-06,140.87215791340267
2024-01-07,140.03497872508567
2024-01-08,139.4848469282965
2024-01-09,138.31648436577865
2024-01-10,137.68569780690643
2024-01-11,136.9313120172666
2024-01-12,136.543645939474
2024-01-13,135.732190358963
2024-01-14,134.92555712045566
2024-01-15,134.28902221773245
2024-01-16,132.66392781488682
2024-01-17,131.8505941300241
2024-01-18,131.08591088135054
2024-01-19,130.67839495050652
2024-01-20,129.9017955554544
2024-01-21,129.12981135804552
2024-01-22,128.21193064244954
2024-01-23,127.52348355040652
2024-01-24,127.53435068088781
2024-01-25,126.54670369169709
2024-01-26,125.97389744680183
2024-01-27,125.22525607738035
2024-01-28,124.48106375582813
2024-01-29,123.55589502717123
2024-01-30,122.88718760205657
2024-01-31,122.53775302355146
2024-02-01,122.32830872075078
2024-02-02,121.12351602914518
2024-02-03,120.65407743551353
2024-02-04,120.18645824574676
2024-02-05,119.68742970777171
2024-02-06,119.64194595241278
2024-02-07,119.19572808875994
2024-02-08,118.52777668445269
2024-02-09,118.47998298973626
2024-02-10,118.02078994108982
2024-02-11,117.56337658763407
2024-02-12,117.10773603180174
2024-02-13,116.6538614027584
2024-02-14,116.33543199592955
2024-02-15,115.99426227244656
2024-02-16,115.66575251939769
2024-02-17,115.2174665880267
2024-02-18,114.77091807911562
2024-02-19,114.63558039852934
2024-02-20,114.58352005350254
2024-02-21,114.12214235219196
2024-02-22,113.66354970983339
2024-02-23,113.06491132455108
2024-02-24,112.62670547731896
2024-02-25,112.19019798514944
2024-02-26,111.95016258975011
2024-02-27,111.94220010957156
2024-02-28,111.41164812151654
2024-02-29,110.966504132273
2024-03-01,110.83371094549992
2024-03-02,110.45096667113637
2024-03-03,110.0697702977479
2024-03-04,109.93094285822116
2024-03-05,109.63695005998058
2024-03-06,109.5156967918252
2024-03-07,109.33345974570497
2024-03-08,108.87300276458738
2024-03-09,108.4972523744858
2024-03-10,108.12279880133677
2024-03-11,107.97241035972817
2024-03-12,107.61473374947228
2024-03-13,107.55262231298475
2024-03-14,106.98956503971266
2024-03-15,106.58567216193823
2024-03-16,106.21781597282691
2024-03-17,105.85122935563011
2024-03-18,105.49877364936908
2024-03-19,105.12536133261034
2024-03-20,104.94522235280117
2024-03-21,104.7556261828742
2024-03-22,104.11785001428721
2024-03-23,103.75851095165478
2024-03-24,103.40041206601323
2024-03-25,103.47490874920896
2024-03-26,103.13617029424653
2024-03-27,102.9604063012213
2024-03-28,102.6050618921362
2024-03-29,102.25094387340448
2024-03-30,101.89804801241897
2024-03-31,101.54637009118036
2024-04-01,101.26731316931328
2024-04-02,100.9890231164694
2024-04-03,100.71337641842865
2024-04-04,100.67736514308905
2024-04-05,100.1927354224099
2024-04-06,99.9173983885473
2024-04-07,99.64281800118103
2024-04-08,99.82744443649672
2024-04-09,99.71876685305764
2024-04-10,98.86632586002112
2024-04-11,98.56671894098068
2024-04-12,97.8798595343924
2024-04-13,97.61087845422257
2024-04-14,97.34263655391908
2024-04-15,96.8092944390774
2024-04-16,96.10196786023046
2024-04-17,96.25915297633861
2024-04-18,95.82977103729718
2024-04-19,96.14985361671465
2024-04-20,95.88562672052763
2024-04-21,95.62212593935837
2024-04-22,95.521123294225
2024-04-23,95.71215450488116
2024-04-24,95.32324083081835
2024-04-25,95.17985552846683
2024-04-26,95.16501594247916
2024-04-27,94.90349545292848
2024-04-28,94.64269364099034
2024-04-29,94.72711802709955
2024-04-30,93.86725082821795
2024-05-01,93.75303782522636
2024-05-02,94.4376221210198
2024-05-03,94.67496680564125
2024-05-04,94.55975541016487
2024-05-05,94.44468421717386
2024-05-06,94.66825070830484
2024-05-07,94.42802024693057
2024-05-08,94.2476582544016
2024-05-09,93.94759136051873
2024-05-10,93.91275694237818
2024-05-11,93.79847309158394
2024-05-12,93.68432831453191
2024-05-13,93.73078833618115
2024-05-14,93.88113908270789
2024-05-15,94.05097171553537
2024-05-16,93.98259285111475
2024-05-17,94.0970136441349
2024-05-18,93.98250556858038
2024-05-19,93.86813683963058
2024-05-20,93.92832588962521
2024-05-21,93.80882629564343
2024-05-22,93.43243084503308
2024-05-23,93.26684363527575
2024-05-24,93.33192549407798
2024-05-25,93.21834846583626
2024-05-26,93.10490965119371
2024-05-27,93.21735529448635
2024-05-28,93.15436887742055
2024-05-29,92.63836041956695
2024-05-30,92.66740557248157
2024-05-31,92.48512930035614
2024-06-01,92.35467942139289
2024-06-02,92.22441354142548
2024-06-03,92.41168753933566
2024-06-04,91.93896466031308
2024-06-05,91.8353173852819
2024-06-06,91.98278111074197
2024-06-07,91.40763110372974
2024-06-08,91.27870103136024
2024-06-09,91.14995281430588
2024-06-10,90.8831255493791
2024-06-11,90.65356997897302
2024-06-12,90.61096637434244
2024-06-13,90.39797009317576
2024-06-14,90.22206800908774
2024-06-15,90.09481016838801
2024-06-16,89.9677318243278
2024-06-17,89.8408327237279
2024-06-18,89.77444138636757
2024-06-19,89.6379036314442
2024-06-20,89.51146975209842
2024-06-21,89.38521420719819
2024-06-22,89.25913674520358
2024-06-23,89.13323711492939
2024-06-24,89.46316563536368
2024-06-25,89.07333188273398
2024-06-26,88.69872843845586
2024-06-27,88.60548916777101
2024-06-28,88.30781670959546
2024-06-29,88.18325891215902
2024-06-30,88.05887680296264
2024-07-01,87.98959005255223
2024-07-02,87.55713893727359
2024-07-03,88.24490858924182
2024-07-04,88.68439263963566
2024-07-05,88.92027045760487
2024-07-06,88.82755935955805
2024-07-07,88.7349449250465
2024-07-08,88.69466734311618
2024-07-09,88.60219146604159
2024-07-10,88.89159316786105
2024-07-11,88.88735070219079
2024-07-12,89.15916302796538
2024-07-13,89.06620285293758
2024-07-14,88.97333960114064
2024-07-15,88.81849967497037
2024-07-16,88.85503311380283
2024-07-17,88.66986230657771
2024-07-18,88.14422188456818
2024-07-19,88.1048309643957
2024-07-20,88.0129700694625
2024-07-21,87.92120495161582
2024-07-22,87.8929352189894
2024-07-23,87.5679573922643
2024-07-24,87.38362419597992
2024-07-25,87.54978208600593
2024-07-26,87.42898820667358
2024-07-27,87.33783196686404
2024-07-28,87.24677076944519
2024-07-29,87.23217661878175
2024-07-30,87.24804387123737
2024-07-31,87.05001268159852
2024-08-01,86.657850554607
2024-08-02,87.14767552597323
2024-08-03,87.04208980170932
2024-08-04,86.93663200220188
2024-08-05,86.96602527927169
2024-08-06,87.23308332706306
2024-08-07,87.2244476170239
2024-08-08,87.30776063509292
2024-08-09,87.84725846859813
2024-08-10,87.74082514890229
2024-08-11,87.63452078088619
2024-08-12,87.5395330466132
2024-08-13,87.87531590733711
2024-08-14,87.87420916170251
2024-08-15,87.64379854271782
2024-08-16,87.90711677258723
2024-08-17,87.8006109302183
2024-08-18,87.69423412739562
2024-08-19,88.23055192836965
2024-08-20,87.77129594969375
2024-08-21,87.7289821690562
2024-08-22,87.10404835190238
2024-08-23,87.9956034889766
2024-08-24,87.88899043853839
2024-08-25,87.78250655753672
2024-08-26,87.85149586667177
2024-08-27,87.60106313312922
2024-08-28,87.08953562645785
2024-08-29,86.77090170944189
2024-08-30,86.70593734850924
2024-08-31,86.60088682205894
2024-09-01,86.49177285401035
2024-09-02,86.45128051578781
2024-09-03,86.14187442012805
2024-09-04,86.22195243906171
2024-09-05,86.49581757841906
2024-09-06,86.62706451379081
2024-09-07,86.51791756280261
2024-09-08,86.4089081330034
2024-09-09,86.25789267777697
2024-09-10,85.68309652007254
2024-09-11,85.71684682812023
2024-09-12,85.91090608895735
2024-09-13,86.50923261745145
2024-09-14,86.40023413036754
2024-09-15,86.29137297741354
2024-09-16,86.48324172649846
2024-09-17,86.41331528778538
2024-09-18,86.79308754138904
2024-09-19,86.74053011161035
2024-09-20,86.39227166258355
2024-09-21,86.28342054204934
2024-09-22,86.17470656996852
2024-09-23,85.96082806792124
2024-09-24,86.38836968072822
2024-09-25,86.3603680232845
2024-09-26,86.51490570624689
2024-09-27,86.58284973841273
2024-09-28,86.4737584964336
2024-09-29,86.36480470545213
2024-09-30,86.18877292496492
2024-10-01,85.90874119750227
2024-10-02,85.91692047944571
2024-10-03,85.71347049788854
2024-10-04,85.72809311050948
2024-10-05,85.65505665478268
2024-10-06,85.5820824228109
2024-10-07,85.5658646302316
2024-10-08,85.11637739234565
2024-10-09,84.65839358274872
2024-10-10,84.85423773620859
2024-10-11,84.78194576571457
2024-10-12,84.70971538470789
2024-10-13,84.63754654071704
2024-10-14,84.65186367885104
2024-10-15,84.09271499818966
2024-10-16,84.02128309860196
2024-10-17,83.78958105040554
2024-10-18,84.00109412809603
2024-10-19,83.92952899734736
2024-10-20,83.85802483685137
2024-10-21,83.56586143730588
2024-10-22,83.50182786947664
2024-10-23,83.4099528891706
2024-10-24,83.5628842817786
2024-10-25,83.52908066940238
2024-10-26,83.45791767275963
2024-10-27,83.38681530376955
2024-10-28,83.42613090651098
2024-10-29,83.09381312124945
2024-10-30,83.13586644152151
2024-10-31,83.19290781900659
2024-11-01,82.80922107510641
2024-11-02,82.7402447373918
2024-11-03,82.67132585384837
2024-11-04,83.12383451265691
2024-11-05,83.32166435103724
2024-11-06,83.25226117123907
2024-11-07,83.13420954114173
2024-11-08,82.62450044227046
2024-11-09,82.55567796849257
2024-11-10,82.48691282072421
2024-11-11,82.27230711990693
2024-11-12,81.98510365694466
2024-11-13,81.83473243989626
2024-11-14,81.92003804763742
2024-11-15,81.99401992348754
2024-11-16,81.9257226114806
2024-11-17,81.85748218804709
2024-11-18,81.78929860580143
2024-11-19,81.91877861840364
2024-11-20,81.81490769427705
2024-11-21,81.64921062566447
2024-11-22,81.51739269817229
2024-11-23,81.44949239509775
2024-11-24,81.38164864990624
2024-11-25,81.53104813191437
2024-11-26,81.40809319425543
2024-11-27,81.30549395483065
2024-11-28,80.8755633543761
2024-11-29,80.94523185941286
2024-11-30,80.87780814045217
2024-12-01,80.82141066189591
2024-12-02,80.47297802474054
2024-12-03,80.39810357246785
2024-12-04,80.6157960744426
2024-12-05,80.81150140726984
2024-12-06,80.45521215060562
2024-12-07,80.39906723879038
2024-12-08,80.34296150717289
2024-12-09,80.42884768531123
2024-12-10,80.37226313214063
2024-12-11,80.47857018185485
2024-12-12,80.45085715604627
2024-12-13,80.44371309596143
2024-12-14,80.38757620865313
2024-12-15,80.33147849594276
2024-12-16,80.24210200350123
2024-12-17,80.01230221075234
2024-12-18,79.56593822020349
2024-12-19,79.55977395567069
2024-12-20,79.95853210345413
2024-12-21,79.90273379513046
2024-12-22,79.84697442513057
2024-12-23,79.60792058076571
2024-12-24,79.55236694338998
2024-12-25,79.49685207359673
2024-12-26,79.60080246954152
2024-12-27,79.61484491357858
2024-12-28,79.55928644412242
2024-12-29,79.50376674562077
2024-12-30,79.47616127953003
2024-12-31,79.42069958914134
2025-01-01,79.37143237545986
2025-01-02,79.14445177801744
2025-01-03,79.23062349967218
2025-01-04,79.18147419630075
2025-01-05,79.1323553818226
2025-01-06,79.53365887784979
2025-01-07,79.70438390660708
2025-01-08,79.37518734394158
2025-01-09,79.56463688444828
2025-01-10,79.41200908329449
2025-01-11,79.3627472606132
2025-01-12,79.31351599662455
2025-01-13,79.28441122168279
2025-01-14,79.58970552597297
2025-01-15,79.7049104284146
2025-01-16,79.57873006311401
2025-01-17,79.68366827175876
2025-01-18,79.63423793014785
2025-01-19,79.58483825176724
2025-01-20,80.07932834045104
2025-01-21,80.19357190993539
2025-01-22,80.66095834565208
2025-01-23,80.90994535987139
2025-01-24,81.10677878057373
2025-01-25,81.05646563775493
2025-01-26,81.00618370579636
2025-01-27,80.91245458820964
2025-01-28,80.96518503135776
2025-01-29,80.9218201242861
2025-01-30,80.95631346051901
2025-01-31,81.16898912655492
2025-02-01,81.12755306493364
2025-02-02,81.08613815606076
2025-02-03,80.84743683275059
2025-02-04,81.28686051761724
2025-02-05,81.31056434605377
2025-02-06,81.27226618880664
2025-02-07,81.11033875880884
2025-02-08,81.0689326376892
2025-02-09,81.02754765403358
2025-02-10,80.99376284090056
2025-02-11,81.06584916687257
2025-02-12,81.23276010844658
2025-02-13,81.27316912905852
2025-02-14,81.77440010802592
2025-02-15,81.73265498937428
2025-02-16,81.690931181242
2025-02-17,81.6914760817073
2025-02-18,81.59861450182366
2025-02-19,81.42882017939256
2025-02-20,81.75607238988765
2025-02-21,81.70529736486719
2025-02-22,81.6635875225638
2025-02-23,81.62189897277143
2025-02-24,81.48120337973586
2025-02-25,81.41829497209456
2025-02-26,81.26328732978779
2025-02-27,80.83713934194209
2025-02-28,80.66421531456433
2025-03-01,80.56824904003733
2025-03-02,80.47239693665563
2025-03-03,80.37665886858969
2025-03-04,80.2805755795942
2025-03-05,81.402717542403
2025-03-06,81.44230303473047
2025-03-07,81.47961296865796
2025-03-08,81.38221119418377
2025-03-09,81.28492585504013
2025-03-10,80.82212105595379
2025-03-11,81.05848008403878
2025-03-12,81.01517307356873
2025-03-13,80.85842359447318
2025-03-14,81.32542523175007
2025-03-15,81.22820777527431
2025-03-16,81.13110653379302
2025-03-17,81.2959311346688
2025-03-18,81.43280235512059
2025-03-19,81.30068037357803
2025-03-20,81.03381127387684
2025-03-21,80.80282934461728
2025-03-22,80.7062366059683
2025-03-23,80.60975933551808
2025-03-24,80.51339739523445
2025-03-25,80.53170189816525
2025-03-26,80.1153355268433
2025-03-27,80.04652348017575
2025-03-28,80.02635254458023
2025-03-29,79.93068801625782
2025-03-30,79.83513784653962
2025-03-31,79.90584453221862
2025-04-01,80.02043047406477
2025-04-02,79.95279199705128
2025-04-03,80.60547348099117
2025-04-04,79.45822547174899
2025-04-05,79.39106220700191
2025-04-06,79.32395571301839
2025-04-07,78.77461198746536
2025-04-08,78.30054082272896
2025-04-09,78.78678489620076
2025-04-10,79.09193905981617
2025-04-11,79.51934848502053
2025-04-12,79.45213355512361
2025-04-13,79.38497543966105
2025-04-14,88.24807277049891
2025-04-15,88.05182928142378
2025-04-16,83.52785849615263
2025-04-17,83.45725531264799
2025-04-18,83.38671180755021
2025-04-19,83.31622793041517
2025-04-20,83.24580363084144
2025-04-21,80.74302265821063
2025-04-22,81.64807696089802
2025-04-23,85.68660573190844
2025-04-24,86.84212060981771
2025-04-25,86.4417527842987
2025-04-26,86.36868658765279
2025-04-27,86.29568215131277
2025-04-28,86.97507895281693
2025-04-29,86.10762522816016
2025-04-30,86.13849874521313
2025-05-01,86.10281586102282
2025-05-02,86.06721756257969
2025-05-03,86.03163398187644
2025-05-04,85.99606511282828
2025-05-05,88.0545098544791
2025-05-06,87.76974025664647
2025-05-07,82.31784810115484
2025-05-08,81.60555802075392
2025-05-09,83.39662803108094
2025-05-10,83.36214857737068
2025-05-11,83.32768337882584
2025-05-12,82.49868959122189
2025-05-13,82.59313665211671
2025-05-14,83.0268485311742
2025-05-15,83.14190352529494
2025-05-16,83.33327652773161
2025-05-17,83.2988232660303
2025-05-18,83.26438424866558
2025-05-19,83.4626127991771
2025-05-20,83.49155803956327
2025-05-21,83.91841659328556
2025-05-22,83.24102149868493
2025-05-23,82.98608072799614
2025-05-24,82.95177101072568
2025-05-25,82.91747547844489
2025-05-26,83.6194463358091
2025-05-27,84.48782497890328
2025-05-28,84.4520086745838
2025-05-29,86.446728387238
2025-05-30,86.4074569613936
2025-05-31,86.3717327123099
2025-06-01,86.33459491937158
2025-06-02,85.97374368942981
2025-06-03,86.43992433065627
2025-06-04,86.61931169951684
2025-06-05,87.28551403953233
2025-06-06,86.7379286017504
2025-06-07,86.70063335328012
2025-06-08,86.66335414088061
2025-06-09,86.71676126125067
2025-06-10,86.92544866789876
2025-06-11,86.77030250325227
2025-06-12,87.0702173049299
2025-06-13,86.71589049024222
2025-06-14,86.67860471763629
2025-06-15,86.64133497702672
2025-06-16,86.60408126152008
2025-06-17,85.01155064290185
2025-06-18,83.77666011044293
2025-06-19,85.08762026493335
2025-06-20,85.0510346098378
2025-06-21,85.01446468570471
2025-06-22,84.97791048577014
2025-06-23,85.66332889028193
2025-06-24,86.11521405781552
2025-06-25,87.12213644767549
2025-06-26,87.38586798783291
2025-06-27,87.31643900306977
2025-06-28,87.27889500887194
2025-06-29,87.24136715769954
2025-06-30,88.79494115674747
2025-07-01,89.8957976735039
2025-07-02,90.5631367150171
2025-07-03,90.63670572099987
2025-07-04,91.32739794541611
2025-07-05,91.29175216475973
2025-07-06,91.2561202969237
2025-07-07,92.45538111186114
2025-07-08,91.92597346487594
2025-07-09,91.89009405562452
2025-07-10,91.20950061878908
2025-07-11,91.65313677391713
2025-07-12,91.61736385490916
2025-07-13,91.58160489834458
2025-07-14,92.67156003708222
2025-07-15,91.02419975950802
2025-07-16,91.31102851805619
2025-07-17,92.06352186571651
2025-07-18,92.87994462928299
2025-07-19,92.84369287780302
2025-07-20,92.80745527565843
2025-07-21,92.21428737410285
2025-07-22,90.93572756098568
2025-07-23,91.35943204286176
2025-07-24,92.27013579440553
2025-07-25,92.47880102346423
2025-07-26,92.44270584139612
2025-07-27,92.40662474755314
2025-07-28,92.96010484686352
2025-07-29,92.71965397329788
2025-07-30,94.0478377018018
2025-07-31,98.06971456136723
2025-08-01,97.8127153539072
2025-08-02,97.76185333201978
2025-08-03,97.71101775807689
2025-08-04,97.70425989536959
2025-08-05,96.19180941102348
2025-08-06,96.02742266958111
2025-08-07,95.59076934589585
2025-08-08,95.74398743755937
2025-08-09,95.69420114170798
2025-08-10,95.64444073443006
2025-08-11,95.07587559797327
2025-08-12,95.17349232201643
2025-08-13,94.85940053246416
2025-08-14,93.56154001019549
2025-08-15,93.51288857383976
2025-08-16,93.46426243593746
2025-08-17,93.41566158333346
2025-08-18,92.82940033713614
2025-08-19,92.4564348940087
2025-08-20,93.1231515854366
2025-08-21,93.92745258201427
2025-08-22,94.91719906531195
2025-08-23,94.86784269442617
2025-08-24,94.81851198855547
2025-08-25,97.65487391869836
2025-08-26,97.03691783291787
2025-08-27,96.5632296818059
2025-08-28,95.56904594896466
2025-08-29,96.04455894004256
2025-08-30,95.9946163488232
2025-08-31,95.94469972744997
2025-09-01,97.88179132520708
2025-09-02,96.8085256312496
2025-09-03,96.78016852901163
2025-09-04,96.74045942720261
2025-09-05,96.64976404461271
2025-09-06,96.57182567845376
2025-09-07,96.49395016179041
2025-09-08,100.11585464141082
2025-09-09,100.517288736506
2025-09-10,101.15293729010433
2025-09-11,101.89788730060059
2025-09-12,103.49316423464406
2025-09-13,103.40970735082438
2025-09-14,103.32631776663277
2025-09-15,104.55754297616846
2025-09-16,104.94978263007442
2025-09-17,105.3368113841767
2025-09-18,104.99566498124967
2025-09-19,104.69747552742601
2025-09-20,104.61304748702429
2025-09-21,104.52868752939126
2025-09-22,99.70270286056572
2025-09-23,97.19325315506867
2025-09-24,94.46306835232555
2025-09-25,94.00533942931631
2025-09-26,93.31627086851536
2025-09-27,93.24102063113061
2025-09-28,93.16583107553448
2025-09-29,95.67899157237483
2025-09-30,97.05094292595346
2025-10-01,99.89477158192715
2025-10-02,99.79500750718468
2025-10-03,99.77894260326757
2025-10-04,99.69787510379345
2025-10-05,99.61687346931343
2025-10-06,100.03140531518126
2025-10-07,99.62372364206608
2025-10-08,99.45529074770064
2025-10-09,98.47666513997012
2025-10-10,98.39665570319757
2025-10-11,98.31671127177388
2025-10-12,98.23683179288409
2025-10-13,92.82508695661078
2025-10-14,93.43855669826246
2025-10-15,94.86765025300272
2025-10-16,96.49377320766483
2025-10-17,99.87292143568263
2025-10-18,99.79177758113048
2025-10-19,99.71069965360876
2025-10-20,101.59181934810728
2025-10-21,102.41707068853674
2025-10-22,102.11316807306486
2025-10-23,101.50258730838509
2025-10-24,102.2947778006355
2025-10-25,102.2116662579673
2025-10-26,102.1286222410191
2025-10-27,98.30783868016135
2025-10-28,100.76254669628935
2025-10-29,98.41529107898745
2025-10-30,98.06126068730364
2025-10-31,98.32865194793888
2025-11-01,98.24418138100076
2025-11-02,98.15978337965302
2025-11-03,100.77442632454708
2025-11-04,98.41107984223858
2025-11-05,98.3929897638179
2025-11-06,98.30846392660327
2025-11-07,96.05242066952519
2025-11-08,95.9699055300516
2025-11-09,95.88746127633182
2025-11-10,96.3601960942245
2025-11-11,96.04561610409527
2025-11-12,95.79539513364695
2025-11-13,95.491492749669
2025-11-14,95.15823296033923
2025-11-15,95.0764859849892
2025-11-16,94.99480923549115
2025-11-17,93.615797931265
2025-11-18,94.28961722400706
2025-11-19,94.44482530466082
2025-11-20,95.6197551911259
2025-11-21,95.53761173882111
2025-11-22,95.45553885296721
2025-11-23,95.37353647294312
2025-11-24,95.29160453817983
2025-11-25,96.59424713083418
2025-11-26,97.239767668824
2025-11-27,96.86766645641693
2025-11-28,96.9934561424859
2025-11-29,96.9101325936796
2025-11-30,96.82688062510212
2025-12-01,96.6994685234296
2025-12-02,96.95443205072046
2025-12-03,97.04293423014929
2025-12-04,96.34434095921436
2025-12-05,95.0113959138347
2025-12-06,94.93973231254348
2025-12-07,94.86812276447084
2025-12-08,94.7965672288464
2025-12-09,94.99409241381197
2025-12-10,94.50915624742841
2025-12-11,94.9707270462634
2025-12-12,95.2733117388519
2025-12-13,95.20145058408748
2025-12-14,95.12964363154892
2025-12-15,94.84236660201604
2025-12-16,95.37101928037963
2025-12-17,94.96124851826644
2025-12-18,94.89242997743122
2025-12-19,94.65860801943553
2025-12-20,94.58721051307701
2025-12-21,94.51586685923148
2025-12-22,94.33923920507877
2025-12-23,94.53259835371988
2025-12-24,94.46129589181743
2025-12-25,94.3900472107394
2025-12-26,94.50065360331999
2025-12-27,94.42937523616779
2025-12-28,94.35815063166622
2025-12-29,94.29658584000732
2025-12-30,94.69913131129537
2025-12-31,94.62770323970832
2026-01-01,94.54482947193716
2026-01-02,96.08144225182052
2026-01-03,95.9972953174695
2026-01-04,95.913222077959
2026-01-05,95.6245440217231
2026-01-06,95.52193273460095
2026-01-07,94.77855749510114
2026-01-08,94.96849390548691
2026-01-09,95.03602737478033
2026-01-10,94.95279600180066
2026-01-11,94.86963752182422
2026-01-12,95.04341741104614
2026-01-13,94.13908786567595
2026-01-14,93.8150469401703
2026-01-15,93.09129817552034
2026-01-16,92.19450053406075
2026-01-17,92.11375773501294
2026-01-18,92.03308564950618
2026-01-19,92.46510057137736
2026-01-20,92.44460269747736
2026-01-21,92.33184915196105
2026-01-22,92.45605649857829
2026-01-23,92.72353987679367
2026-01-24,92.64233375165712
2026-01-25,92.5611987458368
2026-01-26,93.09877001447448
2026-01-27,93.8683658542544
2026-01-28,93.84708909601548
2026-01-29,93.78488033846094
2026-01-30,93.39009545387756
2026-01-31,93.30830556764133
2026-02-01,93.251590916313
2026-02-02,93.37778014937416
2026-02-03,93.25723204625108
2026-02-04,93.0773239444648
2026-02-05,92.68375716024109
2026-02-06,92.30032832415363
2026-02-07,92.24422634152143
2026-02-08,92.18815845879455
2026-02-09,91.43276985438274
2026-02-10,90.68220922953032
2026-02-11,90.37271026197722
2026-02-12,89.8729038893921
2026-02-13,89.98999997514741
2026-02-14,89.935302256219
2026-02-15,89.88063778365638
2026-02-16,89.8260065372517
2026-02-17,89.7714084968095
2026-02-18,89.32680985954168
2026-02-19,88.72360768702025
2026-02-20,88.06416593306669
2026-02-21,88.01063877452462
2026-02-22,87.95714415085831
2026-02-23,87.74248063129967
2026-02-24,88.45025549818534
2026-02-25,89.78258004332271
2026-02-26,90.11501632387682
2026-02-27,89.47948141954203
2026-02-28,89.42509400398588
2026-03-01,89.33301012010305
2026-03-02,88.57304349352108
2026-03-03,88.824605103941
2026-03-04,88.26969214439823
2026-03-05,88.18517494988602
2026-03-06,88.60987116280081
2026-03-07,88.51864972085343
2026-03-08,88.4275221888888
2026-03-09,88.57083789174021
2026-03-10,88.20427397788438
2026-03-11,87.54755209841791
2026-03-12,86.92162801976203
2026-03-13,86.56521940792183
2026-03-14,86.47610287910561
2026-03-15,86.38707809332155
2026-03-16,86.37797734894615
2026-03-17,86.80016705765846
2026-03-18,86.42309455829567
2026-03-19,86.19730175491036
2026-03-20,85.43119577760388
2026-03-21,85.34324669513875
2026-03-22,85.25538815385165
2026-03-23,85.16762006053293
2026-03-24,85.07994232206883
2026-03-25,84.70824418364651
2026-03-26,83.68456084737288
2026-03-27,84.44643087468808
2026-03-28,84.3594955807912
2026-03-29,84.27264978440476
2026-03-30,85.00115376949067
2026-03-31,84.45326663410935
2026-04-01,85.49368575810743
2026-04-02,85.43432429182386
2026-04-03,85.37500404242837
2026-04-04,85.31572498130258
2026-04-05,85.25648707984791
2026-04-06,85.05713592454592
2026-04-07,85.05062170098768
2026-04-08,85.36196153739314
2026-04-09,85.16492826829342
2026-04-10,84.62905936580319
2026-04-11,84.5702982419891
2026-04-12,84.51157791822288
2026-04-13,83.62531487659832
2026-04-14,84.3930770111373
2026-04-15,83.97217923645557
2026-04-16,83.79412597343035
2026-04-17,84.30819891965842
2026-04-18,84.2496605812628
2026-04-19,84.19116288822677
2026-04-20,84.89035429696364
2026-04-21,84.70346681757255
2026-04-22,84.73708393767804
2026-04-23,85.39048963240079
2026-04-24,85.67574667705469
2026-04-25,85.61625879906008
2026-04-26,85.5568122257259
2026-04-27,86.7900802364867
2026-04-28,85.84952407328882
2026-04-29,84.77827204343674
2026-04-30,85.03400268685857
2026-05-01,84.98667934679641
2026-05-02,84.93935754323479
2026-05-03,84.89206208913298
2026-05-04,85.42620711319819
2026-05-05,85.12761128304469
2026-05-06,84.95092677983862
2026-05-07,85.4279282101701
2026-05-08,85.67600375033052
2026-05-09,85.62829812104158
2026-05-10,85.58061905493209
2026-05-11,85.13075056814026
2026-05-12,84.51504042630744
2026-05-13,84.60059109156717
2026-05-14,84.31525277826518
2026-05-15,83.9167797528871
2026-05-16,83.87005368478428
2026-05-17,83.82335363442724
2026-05-18,84.28911403784322
2026-05-19,84.03350160446107
2026-05-20,84.13523477320638
2026-05-21,83.7587788109001
2026-05-22,84.37215253012785
2026-05-23,84.32517290392305
2026-05-24,84.27821943664875
2026-05-25,84.23129211373934
2026-05-26,84.6808481266502
2026-05-27,84.55127402709068
2026-05-28,84.597874083967
2026-05-29,84.36198829274475
2026-05-30,84.31501432613328
2026-05-31,84.26806651530102
2026-06-01,85.38124713332822
2026-06-02,85.38954172087567
2026-06-03,85.62555851615863
2026-06-04,85.57267220298186
2026-06-05,85.12799715470967
2026-06-06,85.07775684239678
2026-06-07,85.02754618059915
2026-06-08,85.10548970773466
2026-06-09,84.83447272354815
2026-06-10,84.32664193859894
2026-06-11,84.60091267162598
2026-06-12,84.65178164301894
2026-06-13,84.60182238061714
2026-06-14,84.55189260286238
2026-06-15,84.50199229235355
2026-06-16,84.9565895882953
2026-06-17,85.19017521102029
2026-06-18,84.92473091458263
2026-06-19,85.66670984744212
2026-06-20,85.61615160102016
2026-06-21,85.56562319274987
2026-06-22,85.43020524252981
2026-06-23,85.56144386209112
2026-06-24,85.74094171601448
2026-06-25,85.80807426636271
2026-06-26,85.79480469966711
2026-06-27,85.74417085502132
2026-06-28,85.69356689314331
2026-06-29,85.95558663112557
2026-06-30,85.97727339578203
2026-07-01,86.08800409911808
2026-07-02,86.04434064434689
2026-07-03,86.30849153466697
2026-07-04,86.27522217088767
2026-07-05,86.2419656314614
2026-07-06,86.19941036686056
2026-07-07,86.39490051932327
2026-07-08,86.02964957753578
2026-07-09,85.99648769906113
2026-07-10,85.96333860350715
2026-07-11,85.93020228594638
2026-07-12,85.89707874145329
2026-07-13,85.64979927278716
2026-07-14,85.3811265332571
2026-07-15,85.63641200949478
2026-07-16,85.44063944687461
2026-07-17,85.46200118941098
2026-07-18,85.42905812255486
2026-07-19,85.396127754274
2026-07-20,85.6414411534074
2026-07-21,85.49131055185438
2026-07-22,85.7925778642328
2026-07-23,85.84355386074381
2026-07-24,86.3759174305874
2026-07-25,86.34262207612493
2026-07-26,86.3093395560341
2026-07-27,86.16289831694144
2026-07-28,86.15458096473944
2026-07-29,86.08836075204995
2026-07-30,86.10882087631964
2026-07-31,85.89430215706734
2026-08-01,85.89430215706734
2026-08-02,85.89430215706734
2026-08-03,86.3475573703873
2026-08-04,86.341543040144
